,I271,E272,I273,S274,V275,T276,T277,P278,F279,A280,C281,Q282,I283,A284,A285,E286,I287,W288,R289,A290,F291,G292,Y293,E294,V295,K296,I297,D298,D299,D300,N301,G302,N303,C304,R305,L306,V308
R,2.9674029165548035,3.1916104039081716,3.02942631979991,2.05418420929999,4.170676306684591,0.17310811123598313,5.758548797042739,-1.0395508440503818,7.915472336188323,13.325277875312018,10.790083724652234,0.9914777938641188,10.61325449546959,10.598973181473312,-0.04127183451817018,0.9032149220951453,9.625258033354463,13.17097861716028,0.0,1.7106530169371794,15.294535648494367,0.28519750622757556,1.0135529276239765,1.130514750534573,3.014482293757247,0.126263953276748,-2.9083233653939473,1.8976997066747145,2.755925962370185,-1.04816144368192,-0.4218876945826757,2.4969178310582265,0.6741985604550749,-12.909436175390333,0.0,6.76160383049481,4.679935116656935
H,0.25563796935547956,-1.0652833608133108,-1.383432780249441,1.0218057103392724,1.0591081882044642,0.9764131776714979,1.6122220557763747,-0.22847339261852184,3.0262995780708035,11.682326394752,-3.8486683350620137,0.35473333911207305,5.75993653900178,8.327742654438989,-2.139890453592283,1.1882119777345679,2.511257484156637,0.6188249857666719,3.486321950157418,-0.5385401489839197,1.311336878899219,0.07267633172809695,-0.5257856807218628,1.8342396920500619,1.244925302745071,-0.4131838378855974,-0.073436267197458,-0.9027162257028465,-3.9385191389457646,3.841258798527207,-0.14707630779389547,-0.28057850043425603,0.2825345284429517,0.7470413730496652,0.5863703886059,-1.6970128831038593,0.31391199627639477
K,0.06397481881266742,0.3571929214110128,-3.1512807907214295,2.634084478049658,0.5295904787536756,-0.19917276406130213,1.2838724772856835,0.9373899835707817,7.0773337204559965,23.54363102076445,14.364441764263177,1.0571779834174322,5.5401630617369335,14.214164258524292,0.9538664611729644,0.8198186752409242,11.364017575309035,9.879615701435853,-0.7213686642266737,2.3473406489024455,11.899386458928419,1.7777754661551057,2.720729095132384,-0.4263835337011983,3.102694450017509,0.0,-2.2445923094517894,-0.06879751647846888,-2.032532113788875,2.183570864281478,0.7315179043725095,0.08848176828401222,0.08537790573004145,1.9939031763102406,-0.04662224309677754,5.838270423706078,7.6391023941072405
D,1.7927347704847456,-0.8643457997423791,0.5963786317781796,1.6490959460597168,0.46232980852875016,-0.04748071496442208,3.050067358244604,0.15617932355275777,5.248168397666273,12.513069717640974,0.37856105741230195,2.0112554798685665,8.77611755083095,15.715831276179848,-0.6276364867132074,-0.2525513634003991,7.469031409632677,3.690138087446254,-1.414756064750577,0.0341260099025682,13.791139129868924,2.333773699288816,-1.8701538975138234,-0.224550672099614,-1.3870837076336002,1.29855681060954,-0.5694833426596091,0.0,0.0,0.0,1.6911541081037456,0.37978590731687234,1.5770668311755003,6.177361233478116,0.0,0.26625864496534746,5.900166628666831
E,1.2040884552388675,0.0,-1.1778116622020356,-0.5221213200752075,0.19526582709364249,1.54930666905706,1.76487392944194,-1.4090236859553027,-0.6895931644095725,17.004793806743688,3.4549990240562565,0.9270432268121027,12.424689873400624,5.976020635857985,0.8345599000620751,0.0,8.613326361076343,8.606239634278666,-0.8864541056568669,2.07866093605368,7.886210465830679,1.6113294830872569,2.5739706837906766,0.0,0.019830881667829203,1.132620793878715,-0.4112247684580481,0.44626707655632103,0.17117853097903968,0.8207266745239963,0.15330682115056504,1.324746237357001,0.9582455017311275,3.0181391415585495,0.0,1.8890759756611644,2.97021987477234
S,1.0960748076340252,-0.0712396633265655,-0.1506797106533475,0.0,1.7676830550784821,0.16041789922442007,0.18932406128485368,1.2243013036624824,3.181096157974804,0.2432305157010024,-0.13693435540408672,0.2724279988332228,1.0687144679819482,1.1115466773297005,-0.33079746879356353,-0.8555023725757565,2.117305260929701,0.4522705260445097,1.5972211805669758,-0.2370491529295684,3.3965826571153857,0.17092901983180608,1.1929177977147898,-0.785048157127676,0.9215396229680586,-0.4404764889707167,-0.12292569515273932,2.7937626057480998,1.7905840038935992,2.612980348435883,-0.413660265435027,0.5522016253936237,0.007187771021904155,1.7419251893931396,-1.8255379311091815,0.2314700662640341,1.1823986884906184
T,-1.024951233868201,1.184345085204967,0.01712002317396255,0.26505229100564165,-1.4240631469764047,0.0,0.0,-1.5381765154534008,4.218552031177236,6.283380009929996,0.579797388663355,0.6199369025998749,0.6343469140815721,7.345534518160921,2.800319999011357,0.9045544869065907,1.510101904547465,2.142103356473399,3.090716521827858,-0.1345577668412048,2.489660251004711,0.30736364707740194,4.74369408369802,0.18141306147578007,0.5963246657934897,0.849688817802857,0.029909005186567583,-0.4641282309594601,-0.6604977370964775,-1.5320837102022438,-0.11033317598233339,1.4963636455008569,0.4974255205842084,-0.44440751921258936,-0.5992586168486014,-0.11206237822498366,0.489626466041968
N,-0.8344202537686698,1.1681318987868536,-2.800815530236534,0.3142409125357517,-0.4147167621473642,0.2947560781219991,0.07486107686516874,-0.19131902930296008,3.0400566573129737,4.7846008124113695,0.28149429709243634,0.7674733933029927,2.568485605437189,2.1502713431077467,-0.5503379494994505,1.3049748568508903,4.185212131130385,3.4549297563443986,0.8685912734646877,1.3905441033333545,5.469375627915355,-0.6256844023949526,-0.2821020484797572,2.4716457557942277,-0.6789474006529375,-0.48902597263378667,0.04398303842332041,-0.6932442813834996,0.6704426215113983,-1.1700774292047527,0.0,0.5725110334738872,0.0,-0.8061654862057139,-1.4255251633156831,-0.23568943781566531,4.807567823430183
Q,0.17713570101537357,0.329744224232428,-2.993491215106914,-0.03169106199954541,4.516335501762072,0.0798334902738489,1.574898185436716,0.5141576638712735,2.262725480147054,8.23212277065366,-5.364613428110729,0.0,2.611775868744786,3.8402032678889526,0.49092069905948676,0.2386032193768699,1.0507623066991414,4.387808745642005,0.728587617590847,0.5204332493657802,2.8047860961917053,-0.2512133972905559,-0.16616365206944295,-1.2258446245550516,0.5477563498407676,0.11691471289117317,-1.8790906609519595,-0.3668758174227662,-2.0046241101698143,3.1900587240142357,0.4548281265051006,0.39481653627858293,0.2596074058963893,1.677643183705115,1.864960502276631,0.3233341256191835,1.7396351388936466
C,0.6107339162211489,0.7989586753745073,0.1002027310956839,0.2207351928646517,-4.488576512651427,0.277180657577631,-0.7472120291034017,0.1062988804358902,4.163523473923285,2.2697180033219264,0.0,0.43768225289845475,0.9035958615557274,0.05065777190146048,-0.8755709331647226,0.3101245568221316,1.740400252736503,1.5519936121127815,3.1382673091396214,-0.5509878086005802,0.7711019466678692,0.3182009373991397,1.8247196882430607,-0.5795008521058094,0.15968852335245387,-0.5708331065924597,-0.1781568992799314,0.7169096165557107,0.4057957195740869,-0.8989377715010676,0.017538843194444098,-0.03521361995136907,-0.08212032431507055,0.0,2.5117145396530987,0.4736171753259306,-1.7711442635984511
G,-0.10552808432548177,0.47748148319664097,-1.3060760670868239,-0.5387087243471527,-1.6224260611526642,1.0043143609180554,2.2149898246534896,-0.508792550951771,4.149638105837189,1.0379996331638779,1.5263076858898978,0.38109886075835675,5.185767055478309,1.0831882389535412,-0.6898145035971543,0.8916177822325153,6.142443395852348,2.9623008788344105,-1.0919686349332665,1.4793107915263422,4.643537886273626,0.0,-0.03808758408676738,-1.010948430862669,-1.537123637564214,-0.325646154133139,-2.804706667928584,-0.805661890268027,0.9745476932688746,0.19828031171610405,-0.10418967964228898,0.0,0.8077637378904257,1.2474055453950523,1.2073732375289978,1.0430038560375117,0.1053551936227084
P,-1.3905763400927995,3.2561541152221594,0.7555262462072818,0.6424869652476062,-1.4681116006756625,5.4689692332293305,3.9908522156497668,0.0,1.9663351452068483,4.325345974694784,-4.7530124314167495,8.807294118541932,4.76284195732795,-1.8721567620362833,4.165814820981936,3.0507806985230843,-0.35265383117781113,3.130066674120094,2.2939867498940316,0.18798318038381723,1.3165840960130737,0.30233866396356035,5.28895653561505,4.216884491686159,-0.1448614565820634,-2.4508051249214304,-1.6019435750316404,3.8569487825283773,-0.9351514808508625,1.91252639723686,5.178471286024916,5.792559458535642,2.878732412838872,2.5067126410995115,5.558060258243927,0.041890278238177814,-0.31307584589675486
A,0.6391617916334364,0.6668066937819219,-1.2401253379749386,-0.634789416883379,-2.2097077198829655,-0.3891303226489029,2.967289571819734,0.3669814018140052,2.8796452912044312,0.0,3.875623396737862,-0.17781401502593042,0.6860019453078983,0.0,0.0,-0.269492574367888,4.920802685141221,3.911576351900195,-2.3784496571323075,0.0,5.3493819315219895,0.24140002181390585,1.5444073666315319,-0.17335368516287986,0.02122968656924229,1.0854477781955438,3.235511170338207,-0.9119340977110255,0.43416770092935053,-1.013097818425166,-0.028420901013376465,0.28876032843917177,0.2635593373989593,-1.3954952736515085,-2.6723463079223393,0.7258924681457692,-1.4575004959651423
V,0.7631608779988639,0.41826393346042323,0.2741626551665668,0.8658041716136733,0.0,1.428903001248802,0.500270412436592,0.41298557333229624,1.5669114258504564,4.6378098671519155,0.2560691110659228,0.6477894426125275,-0.11858899837499237,4.742000225532747,3.904272065470778,0.0424280915799784,1.9112350066967068,3.9786849944161204,1.1691492377989334,0.26214879976877015,6.5931405082035575,-0.12155127356318651,-1.2695889517971901,1.4731459749341695,0.0,0.9242927279208004,0.43481501408311374,0.5827542121356828,1.8825711441282351,-0.6307854009868379,-0.09543773230926433,1.8677797269609595,1.1277921945121534,1.0261555106029547,-0.15080276951772476,0.4413482333797898,0.0
I,0.0,-0.6199017893171117,0.0,2.0317871960579765,0.9708670439836098,0.27702272070783707,1.8940113607658127,-0.46050484938983693,2.59749702106836,7.273411843192523,-1.787415235932399,-0.09827170614472891,0.0,8.049905249930173,-1.1111012373076166,0.5334839301362422,0.0,3.751123479482262,-0.20150656990546167,-0.4928328454908331,1.695530626999834,0.27799832106121425,-0.3788067134790438,1.5356875909907899,-3.1572267459306538,1.054786863315357,0.0,0.7868881419194906,0.6267921229003832,2.2538077618023067,-0.15318106413707255,0.5351194809092625,1.2949213044207397,-0.35617626198696617,-0.09654690465043814,-0.6353086511473904,0.33851433959394583
L,-0.7201275118142689,-1.6247346697574017,1.1953769085103296,-0.037222971948413175,0.6586976554721384,2.0236225152780154,1.1032804526399573,-1.5384080223137744,0.661277511793184,18.30562108338026,2.5329266674594386,-0.19970635166286144,1.1565110184580547,11.43634620272096,0.4461938704522659,1.0612440448963412,-0.5498698437876719,4.718747496696983,0.3996560930969508,-1.3756107931946815,1.9357516587811148,1.3778464245076663,0.5233739773304729,0.6396105834690786,-2.114417429368108,4.785856391133251,-0.09049542019306855,1.65261475829044,1.3093204434129575,-0.5059932166149963,-0.14029425535404982,4.318101024982733,-1.9824638716074432,-5.833063002540843,1.039089064770934,0.0,0.7394478798784019
M,-0.6071206183297297,0.8143183537621326,-3.719573969497066,1.0523411374326441,2.7593711581527316,0.6052364750217976,-0.9441294956778847,0.028368626593735513,0.542037626197625,10.740236743369453,-3.1294810787824394,-0.20960836087387236,3.004442412221926,3.2024547061460873,-1.9508382084920228,1.0659627400414706,2.4500801697539956,1.8221850656856604,0.43927466695555495,0.6953840407477028,0.7692373996558524,1.1541445374140062,-0.5343898196047263,0.6562059085824785,2.877984544296993,0.7691642344652792,-1.4253382520258409,1.2465831337320026,-2.8934678278477293,0.2666510555678201,0.3460471858890344,0.9069916709046977,-1.4326198823304281,-0.3593467464660689,-0.1687371840725973,0.07485252144340038,3.168812607240172
F,-0.8357383027019069,1.5326135183396445,0.6795832137379775,-0.8971406688311916,3.6728585809684056,-0.6022535783010596,3.9786685213943613,2.1634799360321004,0.0,12.683662538437767,-0.17758884688747023,-0.8602296152784987,4.9195773941109096,9.898273997257384,-2.153499329096011,-0.25266010298000197,2.1890149762889317,1.7395393676888895,0.24346919908578002,0.4372403013785887,0.0,0.6217247182163534,0.6857883474112967,2.5709553034511146,-2.297468642070161,1.3121370379099488,-3.301718300986065,0.713789065898851,-0.4203410182300047,4.674080449781172,0.4197680180991199,2.877691979382293,2.925921397833335,-1.4422714502252827,2.2247338305843414,2.5650151397844674,0.6396597867938887
Y,0.6202531305535288,-0.8832145674272454,1.6426994816312934,3.3994695137639326,1.9975254378969414,0.8907481876004066,-0.5709199599053267,1.3834328364325685,0.9646396544054383,13.883239406451,-6.67236561600528,-0.46400873783238694,2.7407586214355426,9.849669544401744,0.8700264269291189,1.6299098325991679,6.815115525237806,0.8051082124619207,0.10813834696949698,-0.34906938804811816,4.252114890324524,0.5191199762354852,0.0,0.2954858508257985,1.8485767990119875,-0.1688356105825477,1.7746021618702557,0.1785408031792315,1.9367818909587697,-3.021997518784275,0.4983216302055098,0.5494113990332448,0.6523428697646381,-11.661242372317613,1.9928844091799647,2.412071207528639,3.8428067860570994
W,-1.1625983873819803,-2.3772439555597202,0.2360051639115599,-0.66444723351729,7.5952031072335195,-1.3686372811108853,-1.0577474961161464,2.4860972514841198,3.0210827213355365,16.941150148198844,-4.298593394685754,0.21438593666562156,2.8762504028985574,11.649276021409579,0.15462565070933243,1.1737913341138722,10.333613447051892,0.0,0.6558519604346884,0.20612127240151829,4.139869278704625,1.5600461312628475,1.57987827639775,0.07939409105330242,3.5469007670672603,-0.20021927073366896,3.002639286165883,0.353112438226475,-1.257713763444542,2.5990672148357703,0.7928174441680227,1.1883155614206897,0.27880313505637844,5.130512978016957,0.8176013664972288,5.578177740257942,0.5028381212543849
