,S271,R272,V273,R274,A275,T276,S277,K278,F279,A280,A281,L282,I283,A284,A285,E286,I287,A288,R289,E290,F291,G292,Y293,T294,V295,D296,V297,Q298,E299,V300,N301,G302,Q303,W304,E305,V306,T307,F308
R,9.701059565137186,0.0,14.2954249312523,0.0,8.899341392529289,18.791268957095046,17.363773136570632,2.9057232942554863,11.003773126886754,17.279537323767535,24.571837708167447,5.607669350561804,12.52079984319643,6.199470633359011,11.118505078351356,29.84727955218202,5.915120713396752,6.499572580315661,0.0,43.2641890792391,6.37540917338165,11.333294388110879,21.95330614849289,12.280108582483802,21.711285010805042,15.115048662765547,17.874542560450564,17.169904517048344,36.8560085450677,13.82497941534633,17.476928496959275,9.948291206402011,11.144422234723352,12.85763801805342,26.383215974202106,15.183339675802989,19.855975675777277,8.61993462276602
H,1.0185324740860222,15.608876243852517,0.10063179401400002,14.638953946671807,0.29896484845140053,0.5288873771178952,1.6961246683880138,1.9465486926786402,0.1745813742254264,0.39720231397346295,0.7495896961080318,0.004927633747504222,0.6788906348463063,0.9416746872166799,0.11187675998776002,0.7305736539959136,0.10438192480106438,0.42049477433280047,14.98794949410675,1.1425864877861938,0.09284977629648779,0.009910486465830443,0.1168601499339317,0.19004945704604176,0.11652326591159286,1.7663839350403123,0.08193602927073972,1.250632238653795,0.9942060245206453,0.09962841334251323,0.13973558989501098,0.0037422071714951193,0.728403848525538,0.02479338062020692,1.7111236326624375,0.37641802088311965,0.21055312956460787,0.14347096021630523
K,1.063106628863973,4.608318117554763,5.472471325131978,5.295939262627155,2.34204761176218,3.5966742491338697,8.672999513626763,0.0,2.4670199568482554,5.234075655697033,3.0507691704342714,0.8020442002083168,2.5235184170021054,2.506072415021417,0.7855958264773463,3.9099768877861845,1.0291455555344846,6.641850694755282,5.957501995905398,3.0615840399937135,1.1418672770162615,1.3652888762647828,2.0385928174270926,1.4547618068875707,4.0710147331437385,2.4909642260029217,1.3777548597713425,3.3896624674418576,5.697863653642719,2.102150322687817,1.797699083147552,0.597611296545384,2.6695476374088303,2.0384607364844096,4.25949699968581,4.119192804403069,2.1536066171977213,2.186841266773227
D,0.9221010704834915,30.727234731887012,4.606724300008235,47.917120622784616,2.216894575966812,1.7425859798301662,4.409804421195189,10.266450228305837,1.0622737787761525,2.8942134136017788,1.1209656052598203,1.447230043811729,2.618589539043011,10.6577465587902,5.390775855744018,0.3974959548531434,1.4750486416251927,7.711331074510797,34.33528204433271,0.8251305650379342,5.371156622140186,1.3523585980119126,2.493607201774122,2.5884638885537634,8.910946620457672,0.0,4.054618070089547,5.855524400902934,0.8372455650406387,3.7975808204158947,28.527228132306604,0.5440064635403553,2.178098159191802,6.528050746905982,1.4488791756258348,4.320054570569147,3.2851798269934793,9.2693203208788
E,1.3021604988290114,28.0933292063104,8.726737552651302,39.65753474402009,5.806437698315295,2.478397750310041,13.726633097710069,5.484722296827529,1.3298952121019163,5.15811297467888,3.3413807403740083,0.8227645759231388,1.2134004039396622,3.882895984848036,1.4621169072191489,0.0,1.1853390800547003,6.5555099843781015,36.23974865400465,0.0,4.836397749437977,2.400469974934058,2.7401265041690004,2.7227702171501327,5.480447500205623,0.5485348723810093,3.9860775158198876,19.144864571358436,0.0,3.006239299956722,6.681978128920108,3.156645560441734,18.36981459119675,4.634650340159401,0.0,4.345585654363176,3.6498333097813354,2.67128147676969
S,0.0,18.242186643507534,0.28315810700430755,19.67813871064233,0.011014359977521912,0.03642182838437864,0.0,1.0363848780718319,0.42345149609505195,0.14427804810763184,0.09244587641457841,0.015354268904309371,0.04821730846170161,0.1534110459501197,0.01659473440958288,0.5998332066751717,0.04076913362825599,0.5357563493061925,14.132931500232536,0.9862490963357025,0.20728940076536603,0.021317994087720765,0.14636942092806401,0.3009612340393598,0.015324791823957696,0.2933625366646545,0.08666412281447587,0.6716961795786306,0.9767601646307583,0.0878187206384625,0.11604407987228851,0.003520766947507183,0.31916069817850656,0.18781416329715506,1.4761211351419605,0.2884153823263271,0.3289120837378628,0.755361404592944
T,0.6417022295390231,12.347611890398142,0.45731838829151633,14.921666630578196,0.11439256764799967,0.0,0.12994006076377002,4.190664855431978,0.27671822974759214,0.36599086988103585,0.359336643064402,0.6391174146832516,0.034033739532106574,0.4444864239342817,0.6499892087643042,0.7289556321445809,0.005841448032755202,0.917725960482526,15.744353245413988,2.0024685218623484,0.21267989184893626,0.009961722163162256,0.14581148856578655,0.0,0.04287400822203905,0.29849149091780997,0.03701328449678359,0.5671220326750804,0.8878709871460599,0.05265970219768617,0.6265281922586358,0.01966569446885891,1.0345420799033769,0.24768838863225345,1.5036228600218722,0.061343070007107495,0.0,0.2236590193822724
N,0.12795015866809434,25.315326852601974,0.34955537695408667,28.242390562472593,0.2588503233022905,1.8626924224590287,0.24299782353488464,10.755857082856494,0.8617959520729374,1.1088293489767325,1.5299448805350362,1.7033731139237493,0.706753674472907,0.1879204965751997,1.0330608230752225,1.836885167711962,0.3374745023836631,0.05351255461702408,42.75055353364222,4.727188556535458,0.11941551245507856,0.15326033257536706,0.08130552711332395,1.552984193832611,0.23551831438284843,22.037089113135583,0.22824497267346774,5.086050739729956,4.280909856308845,0.26265680175239464,0.0,0.050827467872493245,3.0224223826556176,0.1794016157985323,1.1374263968441067,1.1589691121945849,0.5862864470239957,1.0335773257865204
Q,0.4479652817215254,14.073595437642632,0.17784516660726477,20.908720818263394,0.2731821023131984,0.7575461247929809,1.4077463973812836,1.9577645704913376,1.467855195704828,0.21597868653313745,0.6305112287883246,0.22476479327118215,0.6123543374098493,0.29053693816536874,0.4506743310850636,13.822458338358521,0.692148208479753,0.3134891996120753,31.52493208604117,30.718338862301028,0.047631815531947064,0.521265832053333,0.7392129354834207,0.5725971983020346,1.0011078722933648,1.7312762199714296,0.7493623829473088,0.0,20.14194963649884,0.5796067183357136,4.044803552660937,0.25556053483873636,0.0,0.6298186943683842,2.2391194740396387,2.509996411660518,1.2416292289103172,0.8786731494850027
C,0.14982444355364777,12.625967122146468,0.06198035420612821,18.017785747886148,0.024193983058475494,0.6904490417770961,0.028120435682637248,0.7179852368049165,0.049338342783339255,0.0668311076610236,0.028694939622465984,0.015094667604846722,0.07706393236115022,0.6507725734669599,0.03007188134039872,0.6146359022775177,0.032394921991285824,0.580071999612265,9.751211709433653,0.7625888659645134,0.014091059803320306,0.008769144536622761,0.03385246196100274,0.2655558217625657,0.01711839386721205,0.3336670027158903,0.0870312430636471,0.32454198431379366,1.075627210623583,0.023725800940102237,0.12791927620911794,0.0043926822075906966,0.3797703453585373,0.2519075626731959,1.28332752679353,0.14763112220585511,0.7291921456985057,0.046646762178614944
G,0.027036133564077212,11.133151459286529,0.05834568322790404,18.242749375177905,0.055850928048100525,0.019746962791548098,0.14085524815458783,0.8543490629258059,0.2866676875545581,0.0015698228713053738,0.001674310332844484,0.008994267411120697,0.02655105309052256,0.042345260916669285,0.004572423847859239,0.468507601528591,0.028170044955778104,0.04548932333209804,10.268903149338792,0.9653567480318884,0.2207858733348847,0.0,0.23303997039300534,0.211459006625176,0.025494428713139883,0.38489033405671536,0.023137211381630562,0.5437159066195814,1.3299892286891217,0.1591946103193523,0.07519891730158629,0.0,0.2269814794157583,0.3340934786665255,1.9396283385337985,0.2885295355696082,0.1445259000370943,0.32563433720788426
P,0.19684904478995746,16.008126727127735,0.31739040377535327,19.8650784512254,2.832858737232223,0.23272586202714354,1.15864637475167,1.1908403397651968,0.29092844160395553,0.2008393628997409,0.32966911394680304,0.41093447689821083,0.1292175689656437,0.13870601038627337,0.26535197460138377,0.5275293339661655,0.24776917139006044,0.08309794828303285,19.309046994638024,1.4865672873618045,1.8293824777217171,7.829254379702776,1.0052573431614569,0.28288390511165873,0.674451183387305,0.5372063678237141,0.6676169133437877,1.0879987181035635,2.2569076709470295,0.5768285942809935,2.743504623262934,0.21412366448471068,0.8831889140702315,0.4512901037918515,2.424687762195568,0.1811646251656973,0.9111437638728939,0.689960131118495
A,0.061348660996569555,14.539440862936269,0.057713842729965915,20.176143058599525,0.0,0.2955509785719889,0.08836216327989678,1.1242331392970564,0.44095649642311824,0.0,0.0,0.007064195952009621,0.03199209436020812,0.0,0.0,0.5534645221789707,0.01697114420681837,0.0,14.553652180587756,0.7969286682717187,0.021149743181440295,0.0017473603851305673,0.04724561856632232,0.20901139162872082,0.018839947543072413,0.8614939424305497,0.03663159328810832,0.25280350506639343,1.5391707253300129,0.10115419478389118,0.10045698387941292,0.00032444642866912384,0.2693507450116416,0.16962712831290705,0.7811563687002208,0.022729182585316716,0.5574946035502648,0.23299600363165943
V,0.6519249656450151,14.490426098072277,0.0,14.911497640424585,0.38509989905193936,0.023472789165151556,0.04474276449706991,1.319572339309053,0.3107665998893299,0.10496370556196959,0.37825239600029026,0.09336649315096084,0.006732161411797198,0.38070757465529015,0.7996590266566215,0.6775816550556676,0.020359275404449997,0.6637723576754958,18.346355447142162,1.0440020161343333,0.9406334615414442,0.004827408758009354,0.12294314594115609,0.09569586887043564,0.0,0.48449254241203277,0.0,0.5148265056548528,1.1345234574603842,0.0,0.1930892064020331,0.007191600425981903,0.33938464418932923,0.2153092549663701,0.7891222140326469,0.0,0.13522015367224755,0.03515197923361033
I,0.5371238117235682,10.948492837989798,0.03337464361937822,12.598681812418178,1.669135630358543,0.09160939219820559,0.08659892006041177,2.187049294374072,0.06420371433825556,2.4678946915510753,0.8014785033724476,0.1112615098645422,0.0,0.6591964873430519,1.0744625855366843,0.46558597202211327,0.0,0.030472600263256048,12.036392175491025,0.8334547155594734,0.030533732942206144,0.013169574259252225,0.05951767024121985,0.029586604891560796,0.18168553143826435,1.1934565271760778,0.009934442363258413,0.45104104650443044,1.0769931312705303,0.013833318505629445,0.885347390859747,0.020079606681832562,0.35421806422631563,0.08001655913937554,1.8574924980396565,0.09678126700018383,0.39657279914196014,0.188538981714404
L,0.07907414250653813,11.416580783599269,0.39661687947009056,11.450827120676058,0.02979277864111398,0.5108341366989458,1.4852136575383479,1.1714800586093987,0.17993618045634902,0.5135082077282613,3.233230096300852,0.0,0.46698760097556646,0.6065771092326186,0.9795385570705796,0.6775831520167954,0.05192493463188019,0.0896615542300372,6.569245110951159,0.8357472936409837,0.11253819259960592,0.005618927093163501,0.1895218901541751,0.20004961142834393,0.1110597494873508,2.0173324090656806,0.047010995078041413,0.22365632648774653,1.2215135240348558,0.4691671626778413,0.748500082454484,0.004047651800150884,0.07396206024128411,0.06723393916920756,1.8243093203003322,2.4725420779067604,0.4081087840132673,0.4738570665539035
M,0.03694934730261646,7.322906883299328,0.2770162819219346,7.937511741469837,0.3387932058282247,0.9919411918408164,2.2411293988417205,0.9881899444497754,0.049698003569653766,0.13500959987337124,0.6968243274103534,0.025945524503106773,0.4168105636383195,1.2602341141093774,0.26494754765845674,0.3204732039791458,0.008184008426868731,0.3463193649990585,5.554616151997558,1.087419391650747,0.04573658567371963,0.005493012056429129,0.05866383327985098,0.34514810518245603,0.2599276310877821,1.118463029693431,0.0877088777839042,0.5478370724974503,0.485598323011615,0.04299689211649934,0.9266307944034382,0.004276593105264894,0.24172096856865397,0.06152333959855893,1.0131328580163057,1.3448016404129064,0.7549956619716703,0.09770917753979086
F,0.05682336154906822,11.992605414053873,0.3875529015396834,12.964816916591468,0.12426964672536196,0.22665454705428625,3.2757125882305376,0.864182893997272,0.0,2.216354743570748,0.8431359002344,0.009719365058380471,1.6014277943249318,0.5023152352060218,0.3045800391960874,0.5253239202150507,0.19771130276424165,0.6483217201447318,10.844578717135203,1.3332886916698605,0.0,0.009124134605464164,0.006424866579752909,0.30313859345194527,0.08342277156944224,0.7721643347448979,0.03763448489525777,0.38593412676586375,0.8054865819482521,0.1000662670921553,0.07723934391079262,0.008362630943270397,0.5135762676157135,0.007033336878439235,2.9508058858625,0.30424739754455804,0.47386197425101334,0.0
Y,0.07385468650843872,17.027817362585406,0.24226431643983684,32.70386840481005,1.871893959146552,0.23472229912820475,2.841230596908743,0.904941934902689,0.07943552214053388,2.777273228291896,0.6626608173100303,0.06272322448401892,0.6518347755784579,0.5347378928528957,0.6100302820727523,1.0404716961066762,0.09167397003689214,0.28968831718036764,19.73740739613113,1.9289009100308043,0.009918994424095844,0.02970005831262725,0.0,0.3639069171586017,0.2587776854410976,1.9546345129113405,0.03388158201672394,3.4109321927592475,4.029491797343862,0.6566233817253433,0.6902391918130552,0.03617517315904373,0.6416595872755952,0.030024838841516792,2.753320040643449,0.2693250986748063,0.5794770324493501,0.03373890474612837
W,0.4570457187960258,17.260054778350266,1.7696008635706693,21.224248675276336,0.35357577529412343,0.20623053115162007,1.9720749804668039,1.2205232644651134,0.2026918020894154,4.536909787012782,1.856917755959417,0.0907813848495085,1.0809421224014149,1.266147316480011,0.3563119931385319,0.9778170542722984,2.675948800474952,0.22548358902126764,23.888860293702972,1.5054043022861843,0.05192104608038076,0.030747985982291875,0.03322935043080536,1.076899215990041,0.27226697170485026,4.86488670596396,0.21653605723356176,1.4038134503725572,1.6482963501980241,0.1083250447162841,0.602384322083033,0.03098846625184333,1.1540216695393788,0.0,4.044625062280517,1.0309193578337812,0.1789349590298796,0.10616761347315452
