,Q271,D272,Y273,T274,F275,T276,D277,P278,F279,A280,Q282,I283,A284,A285,E286,I287,L288,R289,D290,F291,G292,Y293,D294,T296,V297,Q298,T299,N300,N301,G302,E303,R305,V306,R307
R,6.162682523062193,5.561424388109659,7.148558693539262,4.957489312955359,5.5387744775076095,4.916366137113089,7.011756015264381,4.531252779352684,4.194554945824829,6.150000292833401,6.476377061963453,5.273155823058184,4.5472107798996815,5.739238928983006,6.966903109340583,5.810304497076448,5.026085322537334,0.0,8.692133820530982,4.058130819933795,6.182478937418528,6.780722204164492,6.787582527307606,4.58842780208427,6.155912846717869,6.370914205057597,4.741067910579675,5.889635659066848,6.315290220709778,4.814382501580837,7.752149554677182,0.0,6.228623068159995,0.0
H,2.23085828638838,1.4390507740113803,0.8266290735493117,1.8845132887355676,0.866358168108438,2.7002517449718995,2.29058098918879,1.0488859707670737,0.48261579029589186,1.3217248931646173,2.440525687219806,1.0178491867153043,0.7561746243918139,0.775569264831002,3.124716041744124,1.0272941662751551,0.6953754898128608,7.42501022341071,2.694964711284183,0.33215933936844116,0.3816006691266011,0.5150814212481851,1.543508224354441,1.3981715213339587,1.2609056130052274,1.7687462532931686,1.5019427313714957,2.689156476135017,2.952163129867062,0.5862965889478565,1.8567049797744317,6.390850132191193,1.6433890023800748,5.673341879457739
K,2.2609987280793873,3.3509616897056342,3.106099920253673,2.2736396055879426,1.2703073055463203,1.7633080617096184,3.914325484314051,1.7272596999765464,1.9179485703236785,3.0369797019795834,2.7060377794989026,1.5884971108621602,1.8878913579753225,2.812765757457286,2.9836890389717605,1.861146081194381,2.1214557565345036,5.7044858242975005,4.366060343899501,2.1164891596251314,2.063876175764828,1.9185677014186626,2.424050736636615,2.0014413441988435,3.130387047503101,2.0169488266595597,2.3917939613301162,2.1900521745837915,3.082275281988885,1.4665342818999914,3.5915233257142454,3.8878194317898616,4.440546870431845,4.555338393553754
D,3.7465979396295235,0.0,2.1731631086088288,2.1055931164744237,3.8472422480701534,2.6518458636367117,0.0,2.3828562651032725,2.285674618708535,3.5430410972238295,3.7360508387011198,2.3177618292746636,3.0177576330524594,3.3605122973658443,1.7678976619413374,3.0303655909735134,2.611282211276731,8.443083312617308,0.0,3.1223213920128727,2.8060130989599723,2.6214539033096287,0.0,1.6702331212116923,3.8446296868717,3.249438952885576,3.303660269429659,5.716078986964691,6.235217189388588,1.767234278152714,1.5160446001980485,6.6551823872817675,2.8421302989852677,7.269136927229109
E,6.510319157382163,1.3612666246650935,2.394592254343614,3.5256004757813844,4.502249612990089,2.790864513792642,2.1565805698297975,2.506889450295987,1.999618117723417,5.094989819950137,5.271462813048289,1.6114046011381034,3.5023947021008133,2.674068369425486,0.0,3.0609585376591384,2.2063832367859364,9.572160580389694,1.53284596599567,3.55583150835957,2.636191430163028,2.666606785423649,1.390918834359243,2.3607289227988195,2.574320393837933,5.968944058204568,3.612676517969165,3.500997533967857,4.340589560442818,1.9185940930523906,0.0,7.425339043327779,2.1664980919331893,8.850003898306847
S,1.7620629869991555,1.4731054377975248,2.0703100815624604,1.815470076086769,2.039203387228081,1.8353653926150437,1.0789413425616992,0.8976671295046126,1.4111671689778278,1.02901215555467,1.5609051521592774,0.5704154082960182,0.3985402234779564,0.5722164203022291,2.041787958669708,0.8428916921116989,0.5030089578501263,7.320878642953451,2.57001759409291,0.9489982951765035,0.39723091935950094,1.4186177302771816,0.8603977606443727,2.05971779816912,0.7774080488849026,1.4062103644660695,0.6523590556816149,1.4460000075285215,0.9745699677710857,0.3293863971728269,1.9176953410197333,5.5569085401707055,1.6186984554305963,5.934609993810372
T,1.5166060960407197,2.2464015645422077,1.3612796243784167,0.0,0.5239599314616078,0.0,2.0939499620240296,1.220872741150781,1.7160639901196795,1.618406863060889,1.716139622006815,0.40080962101731155,1.28495280828451,1.7192666188527779,1.3792590924319672,0.3613970677227673,1.1566795993709618,6.7741861020478105,2.382481542487202,0.6925534926474394,0.5120941611890573,1.0883008512192027,1.0793993212137816,0.0,0.8471044324583676,1.9097892619708372,0.0,2.271585045115187,1.5615545603968013,0.6505750705456079,2.196221405440186,6.1186695231244785,0.6037247288958129,5.846953893291919
N,4.950791657732529,4.457897113955229,1.6956605624263268,1.7256652739100296,1.5858739209705217,2.4366878651165043,4.84035987511288,3.6721221997468607,1.7718071695612962,1.7392755337456314,3.445589126190585,2.571308797598411,1.5065395307598297,1.8627296577003059,3.569856040604109,1.8954972619860349,1.3135604445030284,5.956927729262282,5.770618982862067,1.3586501489989358,1.8570000109229428,2.0561367901279066,6.055111872878089,1.5696707992797139,2.4147732262019708,3.322399615068518,2.489266093051912,0.0,0.0,1.7449799578368723,3.300809422613692,7.304786957400216,1.7927376593917177,8.158587964122166
Q,0.0,2.606625666157981,2.7035196008800892,1.9523649894621342,1.89265587486265,2.4821710221577047,2.375106493312307,2.574584966026408,1.482490190830403,2.39587639660355,0.0,1.673427386421186,2.329615630968721,2.650839460727884,4.926376067925638,1.6691217958353426,1.6275305349107627,6.8266016706725825,3.724156223736015,1.275128174481925,1.6009513670373472,2.6563970747062586,2.5899073479447945,2.354367037684164,2.455669688112483,0.0,1.8778798703155473,3.4423804713541934,3.812258238126898,1.7042231934653536,6.009291641609809,7.03686229863906,1.2195415886118979,7.668442119347486
C,1.4594783378518095,1.3430425413066407,0.8496307252563973,0.7738156804684129,0.5410582667045516,0.8449045101432348,1.6419939593595132,0.8214814835014531,0.621549354075809,0.6866518775155109,1.4762794766588228,0.5629199026195522,0.37883084194152034,0.5243209576648624,1.760153546603067,0.880099975308163,0.5072912789712972,6.275710281934654,2.116059919557967,0.4270608034166063,0.332910560147347,0.44587034441165585,0.8855137197094451,1.1042774385836989,1.1408756616509432,1.300483685646585,0.4382410237738516,1.1699917587102084,1.0300182304875176,0.3481860685792656,1.8051954183971317,6.67661696148982,0.6842010571282623,5.3818838922015715
G,1.9077712177950654,1.5723120657250267,0.9760069908588754,0.7351605538633235,0.7089340776664341,0.526521020263514,1.804108518488557,0.8671729060285684,0.8794232232715509,0.4101791042892834,1.8844843117399592,0.3721147731297769,0.2756679087133114,0.2717060070887924,1.5839974737346838,0.6472243318046194,0.56312486918203,5.727858164945406,2.0479878982582216,1.9968819871446446,0.0,0.6367873375168767,1.0767216036153815,0.4981488009627254,0.48699561495305804,1.4952428182381734,0.40712354691313857,1.5908327961598754,1.314860659025698,0.0,1.3550118791884325,5.505929154473016,0.6001553397257596,6.103453793309094
P,1.9415972087170603,1.3369937955032616,1.1399896230091928,1.3341495766422509,1.1569654211470075,1.9956954291692344,3.236325629869457,0.0,1.0073179041571358,0.763821500485063,2.0494049839258293,0.7445855322769216,0.614995360244253,0.9349267002414517,2.46703314912226,0.7694585906049988,0.8735921091763814,6.340828975525064,2.4095380261683035,1.6026480689375806,2.478749022149867,1.1673030240606632,1.23585731282416,0.7025257512863666,1.572633686902574,1.8558881374811498,1.1938051898464697,1.693816490896089,3.798808785626388,0.8616015007059037,2.293963468214103,5.266744004088529,0.8048104393956668,5.503942189603999
A,2.177314956104163,1.2564340849795637,0.7599783501917518,0.9388110035014173,1.2041249910067846,0.5021374532984643,2.4576630567829203,0.5915766144519444,0.8023607193205232,0.0,1.6586980573775514,0.4186150252119085,0.0,0.0,1.8969039357468602,0.7479245539398444,0.3608016981331882,7.000436822109397,2.514424027641279,0.9839643448807054,0.23810574083806113,0.6431887383354726,1.3338148945190331,0.35531733753689587,0.747718018686704,1.3113057738998941,0.7788067163967921,1.4511113980150636,0.9027274811678733,0.2155948371529982,2.061738275341205,6.507189999792155,1.0009948901742518,6.19563051934237
V,2.010904937811553,1.7144146958974495,0.6861236877629135,0.7319109032897357,0.48258013968079705,0.8475837048385986,1.8005656300715425,0.9933114891808482,1.0990896803467243,0.8755707483197042,1.891806684802819,0.33394866787046246,1.012558766729521,1.2934594851178276,1.4799800603396953,0.28714821306522703,0.8890940095228512,6.506230025612694,1.9769921471782905,0.8878225554782557,0.41687401867645757,0.8242006496822787,0.9831778963383725,1.009097966993554,0.0,1.6500575438942673,0.6492173784852441,1.4068543622856513,1.2121287460952264,0.4422697859881491,2.0134861628037863,6.4016548023947335,0.0,5.8120925451512155
I,1.5084893425397965,2.0247185996802397,0.7434248638041243,0.6480449112916148,0.6295684440544742,0.8230535806620287,2.38060963947952,0.8136014026137453,0.6796184031928818,1.005418365997645,2.4408642302239225,0.0,0.8524302753148437,1.751218231486061,1.6339330973988841,0.0,0.49122273461374066,6.077503310585453,2.9541507450181705,0.6330357156406465,0.43545577625008486,0.9234906305126402,2.0818391845836626,0.6178062974595886,0.7515381490210806,1.4967149931503076,1.2465402607752005,1.7822694411152997,1.6320708090909601,0.6147131223707741,1.313031559752734,4.727337866362795,0.4326438792132843,5.468023798267234
L,1.8246093225581022,2.6868349597757653,0.48298244775351695,0.593945598049559,0.29424411653152294,0.8751692758857751,2.5378781571537656,1.3890961714480865,0.5379428361704497,1.2066842125777733,1.8002828048286879,1.1937641742643206,1.3461824527510906,1.8185170605299183,1.7008472321603676,1.7732813471689342,0.0,5.9387603779202935,3.3566443151034266,0.48533693690317964,0.3728223594109926,0.45332311099344463,1.9686121399485303,0.6358629721825296,0.6956902911874795,1.5469939555119352,1.088791161104786,2.3281757519742508,1.8605088377145487,0.2807182127004043,1.3182047067949076,5.474879861098644,1.3629650224018346,5.390633423078303
M,1.8944761457343224,3.0599744884626316,0.8656332179501185,0.7983214619058789,0.6020157757576662,0.8317575785546346,2.127283135943751,0.8591912287222357,0.4511776757271018,1.2110419756753552,1.196941955202272,0.9911027764511002,1.0687620865160568,0.8590376991709956,1.3070536016598207,0.42602300485514405,0.7163442684184831,4.673007650749007,2.7808489743775606,0.4079558190550138,0.3026851442649631,0.39556803719731365,1.630711357522642,0.9208070274266492,1.2122149090253662,1.4642336091919226,0.9178997230247274,2.066697383436121,1.6309856279463866,0.42356312535847984,1.1127048369597778,4.957840401773487,1.20715201021495,4.516052555280148
F,2.0429235196528643,1.6151912212888637,0.35617650233677856,0.8111879828251389,0.0,0.8649416687980566,2.281858779225501,1.3196547855626266,0.0,1.5198270928471185,1.4281967284792432,0.5578723667007272,1.1025384138275935,1.3910392938451623,2.376098669090308,0.7423673405720529,0.4108748935583511,6.845853656294621,2.487865224793322,0.0,0.28466580671015546,0.44231453664316567,1.4275025930839904,0.6152633576234083,0.7078478917854647,1.5478411481530086,0.6968311582148481,1.5690513297565492,1.016846741661012,0.5991946790045257,1.6692822431869385,5.682451520075602,0.7736303716865526,5.127351687493068
Y,1.8145097011619924,1.597327271204684,0.0,1.4035660920449649,0.39220678161660905,1.5405092042755977,2.109588925139424,1.2617070123074103,0.27474755927076466,2.1151394688321767,2.427568352334895,1.341932460496195,1.7875889081500929,1.7721497830846147,2.9416981912623226,1.2314006487759885,0.5701269702096792,8.392034259484133,2.618264744575551,0.31723213315267085,0.6543299881439372,0.0,1.5102361825521464,1.3988131477195,0.7089062610567941,2.223643513902883,0.9784889634559781,2.927862844964904,3.912054136554288,1.0059236946781902,2.1491979355132576,7.5246731094787505,1.6219550280653852,6.988265450720018
W,2.755613500839875,1.7020249674204544,0.5957705671683019,1.7875503363531935,0.5823281581548511,2.193904681555513,2.06070489054791,1.1424738448730323,0.7087375925672712,1.7088437928526305,3.0555640906233332,0.8503006322689385,1.2513552285484157,1.9418938203989327,2.493263336501982,1.676591235974794,1.1325049893253756,7.80281650846873,3.2339040222208637,0.38062344184925967,0.6011115515462522,1.098360671267905,1.3113929721900404,1.7660241487240247,0.9393832809879045,1.948265949675958,1.4478125436261142,2.3830007771288173,1.8145649012673426,0.9054790480680929,2.4167116998108877,6.937887736395537,3.381581602049482,6.138574789220785
