,Wild,Index,Mut,ddG
0,C,0,D,-0.3200000000000003
1,C,0,P,-0.31000000000000005
2,C,0,S,-0.050000000000000266
3,C,0,R,-0.56
4,C,0,T,-0.18000000000000016
5,C,0,W,-0.27
6,C,0,V,-0.22999999999999998
7,C,0,Y,-0.98
8,C,0,A,-0.31000000000000005
9,C,0,E,0.2899999999999998
10,C,0,G,-0.31000000000000005
11,C,0,F,-0.28000000000000025
12,C,0,I,-0.20000000000000018
13,C,0,H,-0.38000000000000034
14,C,0,K,-0.3200000000000003
15,C,0,M,-0.3200000000000003
16,C,0,Q,-0.41000000000000014
17,C,0,L,-0.28000000000000025
18,C,0,N,-0.33000000000000007
19,I,1,D,-0.5300000000000002
20,I,1,L,-0.52
21,I,1,M,-0.5
22,I,1,C,-0.38000000000000034
23,I,1,A,-0.5300000000000002
24,I,1,F,-0.7600000000000002
25,I,1,G,-0.13000000000000034
26,I,1,E,-0.4200000000000004
27,I,1,Y,-0.4200000000000004
28,I,1,R,-0.9100000000000001
29,I,1,S,-0.38000000000000034
30,I,1,P,-0.7200000000000002
31,I,1,Q,-0.07000000000000028
32,I,1,V,-0.52
33,I,1,W,-0.40000000000000036
34,I,1,T,-0.6800000000000002
35,I,1,N,-0.14000000000000012
36,I,1,H,-0.27
37,I,1,K,-0.8400000000000003
38,E,2,S,-0.14000000000000012
39,E,2,Q,-0.2200000000000002
40,E,2,P,-0.5900000000000003
41,E,2,Y,-0.26000000000000023
42,E,2,G,-0.29000000000000004
43,E,2,F,-0.8200000000000003
44,E,2,D,-0.3600000000000003
45,E,2,R,-0.8200000000000003
46,E,2,C,-0.5300000000000002
47,E,2,N,-0.6400000000000001
48,E,2,M,-0.79
49,E,2,L,-0.4900000000000002
50,E,2,K,-0.4500000000000002
51,E,2,I,-0.7000000000000002
52,E,2,H,-0.5
53,E,2,A,-0.6000000000000001
54,E,2,T,-0.40000000000000036
55,E,2,W,-0.4400000000000004
56,E,2,V,-0.3400000000000003
57,I,3,V,-0.41000000000000014
58,I,3,L,-0.3700000000000001
59,I,3,M,-0.31000000000000005
60,I,3,N,-0.31000000000000005
61,I,3,A,-0.31000000000000005
62,I,3,C,-0.38000000000000034
63,I,3,D,-0.28000000000000025
64,I,3,H,-0.3700000000000001
65,I,3,E,-1.0
66,I,3,F,-0.48
67,I,3,Y,-0.26000000000000023
68,I,3,P,-0.9300000000000002
69,I,3,Q,-0.6500000000000004
70,I,3,R,-0.15000000000000036
71,I,3,S,-0.0900000000000003
72,I,3,T,-0.6000000000000001
73,I,3,W,-0.3500000000000001
74,I,3,K,-0.28000000000000025
75,I,3,G,-0.41000000000000014
76,S,4,R,-0.5100000000000002
77,S,4,L,-0.6000000000000001
78,S,4,N,-0.5700000000000003
79,S,4,I,-0.52
80,S,4,H,-0.8500000000000001
81,S,4,K,-0.4200000000000004
82,S,4,E,-0.7200000000000002
83,S,4,D,-0.77
84,S,4,M,-0.8000000000000003
85,S,4,G,-0.3500000000000001
86,S,4,A,-0.5100000000000002
87,S,4,C,-0.3700000000000001
88,S,4,Y,-0.6700000000000004
89,S,4,T,-0.7400000000000002
90,S,4,W,-0.6200000000000001
91,S,4,V,-0.6300000000000003
92,S,4,Q,-0.4500000000000002
93,S,4,F,-0.6100000000000003
94,S,4,P,-0.52
95,V,5,Y,-0.52
96,V,5,D,-0.7600000000000002
97,V,5,Q,-0.13000000000000034
98,V,5,P,-0.3700000000000001
99,V,5,S,-0.6500000000000004
100,V,5,R,-0.4700000000000002
101,V,5,T,-0.6800000000000002
102,V,5,W,-0.20000000000000018
103,V,5,I,-0.48
104,V,5,H,-0.3200000000000003
105,V,5,K,0.07999999999999963
106,V,5,M,-0.4700000000000002
107,V,5,L,-0.2400000000000002
108,V,5,N,-0.17000000000000037
109,V,5,A,-0.5500000000000003
110,V,5,C,-0.52
111,V,5,E,-0.5
112,V,5,G,-0.73
113,V,5,F,-0.8200000000000003
114,T,6,M,-0.54
115,T,6,R,-0.5100000000000002
116,T,6,N,-0.6000000000000001
117,T,6,H,-0.52
118,T,6,I,-0.5500000000000003
119,T,6,K,-0.5300000000000002
120,T,6,D,0.0
121,T,6,E,-0.31000000000000005
122,T,6,F,-0.4400000000000004
123,T,6,S,-0.3700000000000001
124,T,6,G,-0.3900000000000001
125,T,6,L,-0.4700000000000002
126,T,6,C,-0.5500000000000003
127,T,6,Y,-0.3200000000000003
128,T,6,V,-0.5900000000000003
129,T,6,W,-0.5300000000000002
130,T,6,P,-0.31000000000000005
131,T,6,Q,-0.6200000000000001
132,T,6,A,-0.54
133,T,7,Q,-0.7200000000000002
134,T,7,W,0.03999999999999959
135,T,7,V,-0.2100000000000004
136,T,7,K,-0.4200000000000004
137,T,7,I,-0.33000000000000007
138,T,7,H,-0.7600000000000002
139,T,7,N,-0.010000000000000231
140,T,7,M,-0.22999999999999998
141,T,7,L,-0.4500000000000002
142,T,7,C,-0.31000000000000005
143,T,7,A,-0.5800000000000001
144,T,7,G,-0.6200000000000001
145,T,7,F,-0.48
146,T,7,E,-0.11000000000000032
147,T,7,D,-0.8000000000000003
148,T,7,Y,-0.9000000000000004
149,T,7,S,-0.33000000000000007
150,T,7,R,-0.6500000000000004
151,T,7,P,-0.27
152,P,8,G,-0.38000000000000034
153,P,8,F,-0.81
154,P,8,S,-0.3900000000000001
155,P,8,D,-0.22999999999999998
156,P,8,E,-0.4200000000000004
157,P,8,C,-0.48
158,P,8,A,-0.6000000000000001
159,P,8,N,-0.6300000000000003
160,P,8,L,-0.5
161,P,8,Q,-0.30000000000000027
162,P,8,M,-0.3600000000000003
163,P,8,H,-0.11000000000000032
164,P,8,I,-0.38000000000000034
165,P,8,V,-0.2400000000000002
166,P,8,W,-1.02
167,P,8,T,-0.48
168,P,8,R,-0.8400000000000003
169,P,8,K,-0.4400000000000004
170,P,8,Y,-0.52
171,F,9,R,0.07999999999999963
172,F,9,V,-0.8000000000000003
173,F,9,I,0.020000000000000018
174,F,9,H,-0.020000000000000018
175,F,9,K,0.029999999999999805
176,F,9,M,-0.040000000000000036
177,F,9,L,-0.020000000000000018
178,F,9,N,-0.010000000000000231
179,F,9,A,-0.020000000000000018
180,F,9,C,-0.22999999999999998
181,F,9,E,-0.38000000000000034
182,F,9,D,-0.17000000000000037
183,F,9,G,-0.5800000000000001
184,F,9,Y,-0.4500000000000002
185,F,9,Q,-0.43000000000000016
186,F,9,P,-0.2100000000000004
187,F,9,S,-0.13000000000000034
188,F,9,W,-0.26000000000000023
189,F,9,T,-0.3400000000000003
190,A,10,V,-0.5100000000000002
191,A,10,I,-0.4600000000000004
192,A,10,W,-0.4200000000000004
193,A,10,P,-0.33000000000000007
194,A,10,Q,-0.6100000000000003
195,A,10,R,-0.9000000000000004
196,A,10,S,-0.7100000000000004
197,A,10,Y,-0.5900000000000003
198,A,10,D,-0.8000000000000003
199,A,10,E,-0.3900000000000001
200,A,10,F,-0.33000000000000007
201,A,10,G,0.020000000000000018
202,A,10,C,-0.2100000000000004
203,A,10,L,-0.6500000000000004
204,A,10,M,-0.7200000000000002
205,A,10,N,-0.33000000000000007
206,A,10,H,-0.6900000000000004
207,A,10,K,-0.5700000000000003
208,A,10,T,-0.5800000000000001
209,C,11,N,-0.81
210,C,11,T,-0.3200000000000003
211,C,11,P,-0.040000000000000036
212,C,11,Q,-0.28000000000000025
213,C,11,R,0.20999999999999996
214,C,11,S,-0.14000000000000012
215,C,11,V,-0.020000000000000018
216,C,11,W,-0.08000000000000007
217,C,11,Y,-0.16000000000000014
218,C,11,D,-0.40000000000000036
219,C,11,A,-0.3200000000000003
220,C,11,F,-0.25
221,C,11,G,-0.43000000000000016
222,C,11,H,-0.4400000000000004
223,C,11,I,-0.6600000000000001
224,C,11,K,-0.43000000000000016
225,C,11,L,-0.3500000000000001
226,C,11,M,-0.11000000000000032
227,C,11,E,-0.2400000000000002
228,Q,12,C,-0.52
229,Q,12,L,-0.5300000000000002
230,Q,12,A,-0.27
231,Q,12,Y,-0.7200000000000002
232,Q,12,E,-0.9000000000000004
233,Q,12,W,-0.4200000000000004
234,Q,12,V,-0.14000000000000012
235,Q,12,P,-1.0
236,Q,12,F,-0.6400000000000001
237,Q,12,T,-0.3400000000000003
238,Q,12,G,-0.20000000000000018
239,Q,12,R,-0.6900000000000004
240,Q,12,M,-0.4700000000000002
241,Q,12,D,-0.18000000000000016
242,Q,12,S,-0.4600000000000004
243,Q,12,K,-0.30000000000000027
244,Q,12,H,-0.38000000000000034
245,Q,12,I,-0.6100000000000003
246,Q,12,N,-0.5100000000000002
247,I,13,K,-0.7000000000000002
248,I,13,E,-0.79
249,I,13,D,-0.2100000000000004
250,I,13,N,-0.28000000000000025
251,I,13,L,-0.3900000000000001
252,I,13,R,-0.6900000000000004
253,I,13,M,-0.52
254,I,13,H,-0.22999999999999998
255,I,13,G,-0.9600000000000004
256,I,13,A,0.020000000000000018
257,I,13,V,-0.43000000000000016
258,I,13,F,-0.31000000000000005
259,I,13,C,-0.52
260,I,13,Y,-0.52
261,I,13,T,-0.4700000000000002
262,I,13,W,-0.4600000000000004
263,I,13,Q,-0.4500000000000002
264,I,13,P,-0.4500000000000002
265,I,13,S,-0.4200000000000004
266,A,14,T,0.04999999999999982
267,A,14,S,-0.03000000000000025
268,A,14,R,-0.03000000000000025
269,A,14,Q,-0.11000000000000032
270,A,14,P,-0.03000000000000025
271,A,14,Y,-0.06000000000000005
272,A,14,H,-0.040000000000000036
273,A,14,D,-0.020000000000000018
274,A,14,I,-0.0900000000000003
275,A,14,K,-0.050000000000000266
276,A,14,L,-0.050000000000000266
277,A,14,M,-0.8300000000000001
278,A,14,N,-0.040000000000000036
279,A,14,C,-0.8500000000000001
280,A,14,E,-0.040000000000000036
281,A,14,F,-0.06000000000000005
282,A,14,W,-0.7800000000000002
283,A,14,V,0.009999999999999787
284,A,14,G,-0.29000000000000004
285,A,15,D,-0.040000000000000036
286,A,15,L,-0.75
287,A,15,M,-0.25
288,A,15,N,-0.40000000000000036
289,A,15,H,-0.38000000000000034
290,A,15,I,-0.3400000000000003
291,A,15,K,-0.16000000000000014
292,A,15,E,-0.17000000000000037
293,A,15,F,-0.13000000000000034
294,A,15,G,-0.2400000000000002
295,A,15,C,-0.6800000000000002
296,A,15,Y,-0.3900000000000001
297,A,15,T,-0.30000000000000027
298,A,15,V,-0.33000000000000007
299,A,15,W,0.21999999999999975
300,A,15,P,-0.26000000000000023
301,A,15,Q,-0.8000000000000003
302,A,15,S,-0.040000000000000036
303,A,15,R,-0.48
304,E,16,C,-0.33000000000000007
305,E,16,A,-0.18000000000000016
306,E,16,N,-0.8400000000000003
307,E,16,L,-0.03000000000000025
308,E,16,M,-0.5500000000000003
309,E,16,K,-0.5500000000000003
310,E,16,D,-0.5300000000000002
311,E,16,Q,-0.2400000000000002
312,E,16,H,-0.3600000000000003
313,E,16,V,-0.33000000000000007
314,E,16,W,-0.73
315,E,16,T,-0.6400000000000001
316,E,16,R,-0.3200000000000003
317,E,16,S,-0.75
318,E,16,P,-0.5300000000000002
319,E,16,F,-0.43000000000000016
320,E,16,G,-0.3500000000000001
321,E,16,I,-0.17000000000000037
322,E,16,Y,-0.4700000000000002
323,I,17,D,0.020000000000000018
324,I,17,V,-0.5
325,I,17,G,-0.3400000000000003
326,I,17,F,-0.03000000000000025
327,I,17,H,0.05999999999999961
328,I,17,K,-0.06000000000000005
329,I,17,M,-0.040000000000000036
330,I,17,L,-0.010000000000000231
331,I,17,N,-0.040000000000000036
332,I,17,Q,-0.17000000000000037
333,I,17,P,-0.29000000000000004
334,I,17,S,-0.3900000000000001
335,I,17,R,-0.08000000000000007
336,I,17,T,-0.5100000000000002
337,I,17,W,-0.5100000000000002
338,I,17,E,0.009999999999999787
339,I,17,C,-0.06000000000000005
340,I,17,Y,-0.5300000000000002
341,I,17,A,0.009999999999999787
342,W,18,M,-0.11000000000000032
343,W,18,S,-0.03000000000000025
344,W,18,R,-0.81
345,W,18,Q,-0.26000000000000023
346,W,18,P,-0.6700000000000004
347,W,18,N,-0.08000000000000007
348,W,18,T,-0.75
349,W,18,Y,-0.1200000000000001
350,W,18,C,-0.03000000000000025
351,W,18,V,-0.28000000000000025
352,W,18,G,0.020000000000000018
353,W,18,F,-0.7600000000000002
354,W,18,E,-0.16000000000000014
355,W,18,D,-0.15000000000000036
356,W,18,K,-0.03000000000000025
357,W,18,I,-0.1900000000000004
358,W,18,H,-0.20000000000000018
359,W,18,L,-0.8400000000000003
360,W,18,A,-0.17000000000000037
361,R,19,S,-0.5800000000000001
362,R,19,T,-0.6500000000000004
363,R,19,V,-0.6100000000000003
364,R,19,N,-0.5900000000000003
365,R,19,K,-0.6500000000000004
366,R,19,L,-0.5800000000000001
367,R,19,H,-0.4600000000000004
368,R,19,Y,-0.77
369,R,19,A,-0.52
370,R,19,G,-0.8600000000000003
371,R,19,F,0.06999999999999984
372,R,19,D,-0.6000000000000001
373,R,19,C,-0.3500000000000001
374,R,19,M,-0.73
375,R,19,I,-0.3900000000000001
376,R,19,P,-0.6800000000000002
377,R,19,Q,-0.6900000000000004
378,R,19,E,-0.5900000000000003
379,R,19,W,-0.07000000000000028
380,A,20,V,-0.54
381,A,20,C,-0.9000000000000004
382,A,20,W,-0.6100000000000003
383,A,20,T,-0.050000000000000266
384,A,20,Q,-0.4500000000000002
385,A,20,P,-0.75
386,A,20,Y,-0.3200000000000003
387,A,20,M,-0.22999999999999998
388,A,20,L,-0.4600000000000004
389,A,20,N,-0.6900000000000004
390,A,20,I,-0.9700000000000002
391,A,20,H,-0.26000000000000023
392,A,20,K,-0.7100000000000004
393,A,20,E,-0.40000000000000036
394,A,20,D,-0.6300000000000003
395,A,20,G,-0.38000000000000034
396,A,20,F,-0.8700000000000001
397,A,20,S,-0.16000000000000014
398,A,20,R,-0.020000000000000018
399,F,21,Q,-0.1900000000000004
400,F,21,G,-0.6500000000000004
401,F,21,I,-0.3500000000000001
402,F,21,H,-0.27
403,F,21,K,-0.4500000000000002
404,F,21,M,-0.5
405,F,21,L,-0.2200000000000002
406,F,21,N,-0.7800000000000002
407,F,21,A,-0.3200000000000003
408,F,21,D,-0.38000000000000034
409,F,21,E,-0.41000000000000014
410,F,21,V,-0.6800000000000002
411,F,21,W,-0.6100000000000003
412,F,21,T,-0.40000000000000036
413,F,21,R,-0.38000000000000034
414,F,21,S,-0.6500000000000004
415,F,21,P,-0.6200000000000001
416,F,21,Y,-0.6600000000000001
417,F,21,C,-0.41000000000000014
418,G,22,E,-0.3700000000000001
419,G,22,I,-0.8200000000000003
420,G,22,Y,0.020000000000000018
421,G,22,A,-0.48
422,G,22,D,-0.14000000000000012
423,G,22,T,-0.7200000000000002
424,G,22,V,-0.3900000000000001
425,G,22,W,-0.4500000000000002
426,G,22,P,-0.3900000000000001
427,G,22,Q,-0.18000000000000016
428,G,22,R,-0.20000000000000018
429,G,22,S,-0.4900000000000002
430,G,22,F,-0.26000000000000023
431,G,22,K,-0.27
432,G,22,C,-0.3700000000000001
433,G,22,H,-0.26000000000000023
434,G,22,N,-0.81
435,G,22,M,-0.3400000000000003
436,G,22,L,-0.20000000000000018
437,Y,23,D,-0.1900000000000004
438,Y,23,E,-0.15000000000000036
439,Y,23,F,-0.16000000000000014
440,Y,23,G,-0.18000000000000016
441,Y,23,A,-0.15000000000000036
442,Y,23,L,-0.5100000000000002
443,Y,23,S,-0.30000000000000027
444,Y,23,M,-0.11000000000000032
445,Y,23,N,0.029999999999999805
446,Y,23,H,-0.30000000000000027
447,Y,23,K,-0.27
448,Y,23,C,-0.16000000000000014
449,Y,23,R,-0.43000000000000016
450,Y,23,I,-0.07000000000000028
451,Y,23,P,-0.03000000000000025
452,Y,23,W,-0.2100000000000004
453,Y,23,V,-0.06000000000000005
454,Y,23,T,-0.3200000000000003
455,Y,23,Q,-0.5800000000000001
456,E,24,Q,-0.0900000000000003
457,E,24,F,-0.48
458,E,24,G,0.2599999999999998
459,E,24,D,-0.3500000000000001
460,E,24,C,-0.4900000000000002
461,E,24,N,-0.17000000000000037
462,E,24,P,-0.5300000000000002
463,E,24,L,-0.6200000000000001
464,E,24,M,-0.040000000000000036
465,E,24,K,-0.28000000000000025
466,E,24,H,-0.3500000000000001
467,E,24,A,-0.1200000000000001
468,E,24,S,-0.43000000000000016
469,E,24,Y,-0.14000000000000012
470,E,24,T,-0.0900000000000003
471,E,24,W,-0.1900000000000004
472,E,24,V,-0.3700000000000001
473,E,24,I,-0.2400000000000002
474,E,24,R,-0.1200000000000001
475,V,25,N,-0.010000000000000231
476,V,25,I,-0.020000000000000018
477,V,25,H,-0.38000000000000034
478,V,25,E,-0.07000000000000028
479,V,25,D,-0.81
480,V,25,G,-0.010000000000000231
481,V,25,F,-0.010000000000000231
482,V,25,A,-0.03000000000000025
483,V,25,W,0.0
484,V,25,T,0.009999999999999787
485,V,25,Q,-0.14000000000000012
486,V,25,P,-0.52
487,V,25,S,-0.3900000000000001
488,V,25,R,-0.6600000000000001
489,V,25,K,-0.28000000000000025
490,V,25,M,0.0
491,V,25,Y,-0.06000000000000005
492,V,25,C,-0.010000000000000231
493,V,25,L,0.0
494,K,26,D,-0.6100000000000003
495,K,26,G,-0.6300000000000003
496,K,26,P,-0.6600000000000001
497,K,26,Q,-0.5900000000000003
498,K,26,R,-0.7800000000000002
499,K,26,S,-0.03000000000000025
500,K,26,T,-0.8900000000000001
501,K,26,V,-0.4900000000000002
502,K,26,W,-0.6200000000000001
503,K,26,Y,-0.6300000000000003
504,K,26,A,-0.73
505,K,26,E,-0.5900000000000003
506,K,26,F,-0.6500000000000004
507,K,26,H,-0.6400000000000001
508,K,26,I,-0.4900000000000002
509,K,26,L,-0.31000000000000005
510,K,26,M,-0.3700000000000001
511,K,26,N,-0.8600000000000003
512,K,26,C,-0.6400000000000001
513,I,27,Q,-0.38000000000000034
514,I,27,N,0.07999999999999963
515,I,27,P,-0.07000000000000028
516,I,27,R,-0.8200000000000003
517,I,27,M,-0.17000000000000037
518,I,27,T,-0.020000000000000018
519,I,27,L,-0.6000000000000001
520,I,27,H,-0.07000000000000028
521,I,27,G,-0.40000000000000036
522,I,27,F,-0.30000000000000027
523,I,27,E,-0.6200000000000001
524,I,27,K,-0.43000000000000016
525,I,27,C,-0.3700000000000001
526,I,27,A,0.020000000000000018
527,I,27,Y,-0.6500000000000004
528,I,27,W,-0.3700000000000001
529,I,27,V,-0.16000000000000014
530,I,27,D,-0.3900000000000001
531,I,27,S,-0.18000000000000016
532,D,28,Y,-0.52
533,D,28,P,-0.7100000000000004
534,D,28,E,-0.7200000000000002
535,D,28,G,-0.5800000000000001
536,D,28,F,-0.07000000000000028
537,D,28,A,-0.13000000000000034
538,D,28,C,0.009999999999999787
539,D,28,M,-0.6500000000000004
540,D,28,L,-0.3700000000000001
541,D,28,S,-0.6000000000000001
542,D,28,H,0.009999999999999787
543,D,28,R,-0.07000000000000028
544,D,28,K,-0.6100000000000003
545,D,28,T,-0.54
546,D,28,W,-0.9200000000000004
547,D,28,V,-0.07000000000000028
548,D,28,Q,0.04999999999999982
549,D,28,I,-0.3700000000000001
550,D,28,N,-0.56
551,D,29,K,-0.3500000000000001
552,D,29,W,-0.03000000000000025
553,D,29,V,0.1299999999999999
554,D,29,T,-0.7600000000000002
555,D,29,S,-0.5800000000000001
556,D,29,R,-0.54
557,D,29,Q,-0.5500000000000003
558,D,29,P,0.0
559,D,29,Y,-0.07000000000000028
560,D,29,G,-0.3500000000000001
561,D,29,F,-0.52
562,D,29,E,-0.5700000000000003
563,D,29,C,-0.4400000000000004
564,D,29,A,-0.28000000000000025
565,D,29,N,-0.3500000000000001
566,D,29,M,-0.27
567,D,29,H,-0.75
568,D,29,I,-0.28000000000000025
569,D,29,L,-0.18000000000000016
570,D,30,Y,-0.2200000000000002
571,D,30,N,-0.20000000000000018
572,D,30,F,-0.9600000000000004
573,D,30,A,-0.22999999999999998
574,D,30,C,-0.56
575,D,30,M,-0.27
576,D,30,L,-0.7000000000000002
577,D,30,I,-0.5300000000000002
578,D,30,H,0.0
579,D,30,K,-1.0300000000000002
580,D,30,T,-0.7000000000000002
581,D,30,W,-0.4500000000000002
582,D,30,V,-0.3900000000000001
583,D,30,Q,-0.52
584,D,30,P,-0.8400000000000003
585,D,30,S,-0.1900000000000004
586,D,30,G,-0.4700000000000002
587,D,30,R,-0.56
588,D,30,E,-0.30000000000000027
589,N,31,Q,-0.2100000000000004
590,N,31,P,-0.56
591,N,31,S,-0.13000000000000034
592,N,31,R,-0.54
593,N,31,T,-0.29000000000000004
594,N,31,M,-0.33000000000000007
595,N,31,W,-0.13000000000000034
596,N,31,I,-0.43000000000000016
597,N,31,Y,-0.14000000000000012
598,N,31,A,-0.08000000000000007
599,N,31,C,0.0
600,N,31,E,-0.14000000000000012
601,N,31,D,-0.3900000000000001
602,N,31,G,-0.4900000000000002
603,N,31,F,-0.07000000000000028
604,N,31,H,-0.30000000000000027
605,N,31,V,-0.29000000000000004
606,N,31,K,-0.2400000000000002
607,N,31,L,-0.75
608,G,32,C,-0.5500000000000003
609,G,32,Y,-0.5100000000000002
610,G,32,T,-0.13000000000000034
611,G,32,V,-0.6200000000000001
612,G,32,W,-0.4900000000000002
613,G,32,P,-0.040000000000000036
614,G,32,Q,-0.0900000000000003
615,G,32,R,0.03999999999999959
616,G,32,S,-0.03000000000000025
617,G,32,L,-0.020000000000000018
618,G,32,N,0.009999999999999787
619,G,32,H,-0.41000000000000014
620,G,32,I,-0.13000000000000034
621,G,32,K,-0.040000000000000036
622,G,32,D,-0.18000000000000016
623,G,32,E,-0.22999999999999998
624,G,32,F,-0.020000000000000018
625,G,32,M,-0.040000000000000036
626,G,32,A,-0.07000000000000028
627,N,33,E,-0.33000000000000007
628,N,33,S,-0.3400000000000003
629,N,33,F,-0.25
630,N,33,G,-0.15000000000000036
631,N,33,A,-0.7200000000000002
632,N,33,C,-0.40000000000000036
633,N,33,L,-0.6200000000000001
634,N,33,M,-0.6000000000000001
635,N,33,H,-0.5500000000000003
636,N,33,I,-0.11000000000000032
637,N,33,K,-0.3400000000000003
638,N,33,T,-0.6900000000000004
639,N,33,V,-0.9900000000000002
640,N,33,W,-0.30000000000000027
641,N,33,P,-0.3900000000000001
642,N,33,Q,-0.5100000000000002
643,N,33,R,-0.43000000000000016
644,N,33,D,-0.8900000000000001
645,N,33,Y,-0.4600000000000004
646,C,34,E,-0.4500000000000002
647,C,34,Y,-0.4600000000000004
648,C,34,W,-0.73
649,C,34,T,-0.5
650,C,34,R,-0.6900000000000004
651,C,34,S,-0.5800000000000001
652,C,34,P,-0.5700000000000003
653,C,34,Q,-0.73
654,C,34,N,-0.5500000000000003
655,C,34,L,-0.8500000000000001
656,C,34,M,-0.31000000000000005
657,C,34,K,-0.5900000000000003
658,C,34,H,-0.6000000000000001
659,C,34,I,-0.41000000000000014
660,C,34,F,-0.7100000000000004
661,C,34,G,-0.17000000000000037
662,C,34,D,-0.8000000000000003
663,C,34,V,-0.6100000000000003
664,C,34,A,-0.7000000000000002
665,R,35,K,-0.41000000000000014
666,R,35,W,-0.5100000000000002
667,R,35,I,-0.3700000000000001
668,R,35,N,-0.7800000000000002
669,R,35,L,-0.5
670,R,35,M,-0.6200000000000001
671,R,35,C,-0.31000000000000005
672,R,35,A,-0.31000000000000005
673,R,35,F,-0.6800000000000002
674,R,35,G,-0.8500000000000001
675,R,35,D,-0.3900000000000001
676,R,35,E,-0.28000000000000025
677,R,35,Y,-0.18000000000000016
678,R,35,S,-0.4200000000000004
679,R,35,P,-0.33000000000000007
680,R,35,Q,-0.6300000000000003
681,R,35,V,-0.48
682,R,35,T,-0.5700000000000003
683,R,35,H,0.22999999999999998
684,L,36,D,-0.48
685,L,36,A,-0.25
686,L,36,W,-0.38000000000000034
687,L,36,V,-0.3600000000000003
688,L,36,T,-0.54
689,L,36,S,-0.7100000000000004
690,L,36,R,-0.31000000000000005
691,L,36,Q,-0.6300000000000003
692,L,36,P,-0.25
693,L,36,N,-0.6600000000000001
694,L,36,M,-0.20000000000000018
695,L,36,K,-0.040000000000000036
696,L,36,I,-0.8300000000000001
697,L,36,H,-0.5900000000000003
698,L,36,G,-0.6700000000000004
699,L,36,F,-0.5
700,L,36,E,-0.4400000000000004
701,L,36,Y,-0.3600000000000003
702,L,36,C,0.0
703,H,37,V,-0.6700000000000004
704,H,37,A,-0.28000000000000025
705,H,37,T,-0.7400000000000002
706,H,37,S,-0.2400000000000002
707,H,37,R,0.009999999999999787
708,H,37,Q,-0.11000000000000032
709,H,37,P,-0.020000000000000018
710,H,37,N,-0.040000000000000036
711,H,37,M,-0.050000000000000266
712,H,37,L,-0.16000000000000014
713,H,37,K,-0.020000000000000018
714,H,37,I,-0.13000000000000034
715,H,37,G,-0.16000000000000014
716,H,37,F,-0.30000000000000027
717,H,37,E,-0.18000000000000016
718,H,37,D,-0.20000000000000018
719,H,37,C,-0.16000000000000014
720,H,37,W,-0.5300000000000002
721,H,37,Y,-0.5700000000000003
722,V,38,Y,-0.73
723,V,38,A,-0.8500000000000001
724,V,38,C,-0.6400000000000001
725,V,38,T,-0.6500000000000004
726,V,38,W,-0.81
727,V,38,Q,-0.020000000000000018
728,V,38,P,-0.6100000000000003
729,V,38,R,-0.8900000000000001
730,V,38,M,-0.9300000000000002
731,V,38,L,0.17999999999999972
732,V,38,S,-0.6300000000000003
733,V,38,I,-0.17000000000000037
734,V,38,H,-0.5
735,V,38,K,-0.5800000000000001
736,V,38,E,-0.3600000000000003
737,V,38,D,-0.5900000000000003
738,V,38,G,-0.7000000000000002
739,V,38,F,-0.050000000000000266
740,V,38,N,-0.48
741,C,39,L,-0.48
742,C,39,T,-0.38000000000000034
743,C,39,R,-0.6200000000000001
744,C,39,S,-0.14000000000000012
745,C,39,P,-0.75
746,C,39,Q,-0.30000000000000027
747,C,39,N,-0.7800000000000002
748,C,39,M,-0.5900000000000003
749,C,39,Y,-0.27
750,C,39,H,-0.3500000000000001
751,C,39,I,-0.9200000000000004
752,C,39,F,-0.7100000000000004
753,C,39,G,-0.15000000000000036
754,C,39,D,-0.2100000000000004
755,C,39,E,-0.31000000000000005
756,C,39,A,-0.9500000000000002
757,C,39,V,-0.4700000000000002
758,C,39,K,-0.73
759,C,39,W,-0.3900000000000001
