,C270,I271,E272,I273,S274,V275,T276,T277,P278,F279,A280,C281,Q282,I283,A284,A285,E286,I287,W288,R289,A290,F291,G292,Y293,E294,V295,K296,I297,D298,D299,D300,N301,G302,N303,C304,R305,L306,H307,V308,C309
R,1.019019019019019,-0.3743743743743744,-0.04604604604604612,1.6116116116116115,0.6266266266266265,-0.9669669669669669,1.3753753753753752,-0.04604604604604612,-0.062062062062061996,-1.935935935935936,-2.0,-0.03003003003003002,0.11011011011011007,-0.7467467467467468,1.7517517517517516,-0.5305305305305306,0.19019019019019012,-1.7477477477477477,-2.0,0.002002002002002179,-1.2472472472472473,-2.0,1.5195195195195197,-1.4834834834834836,0.43843843843843855,-1.3273273273273274,-0.4984984984984986,-0.7027027027027026,-1.3713713713713713,-1.1871871871871873,-1.1231231231231231,-0.1701701701701701,-2.0,0.09409409409409397,1.9879879879879878,0.002002002002002179,-1.2792792792792793,0.26626626626626626,-1.2632632632632632,0.7667667667667666
H,1.2672672672672673,-0.8748748748748749,-0.23423423423423428,1.3473473473473474,0.05005005005005003,0.8468468468468466,1.3633633633633635,0.9229229229229228,-0.5305305305305306,-0.7027027027027026,-2.0,-1.3113113113113113,0.9709709709709711,-1.935935935935936,-1.6236236236236237,0.7347347347347348,0.43843843843843855,-0.1701701701701701,-2.0,1.2672672672672673,0.12612612612612617,-2.0,0.7507507507507509,-1.4834834834834836,0.12612612612612617,0.06606606606606613,-0.12212212212212203,-0.4504504504504505,0.3783783783783785,0.12612612612612617,0.06606606606606613,0.11011011011011007,-0.3103103103103104,-0.40240240240240244,0.42242242242242245,0.11011011011011007,-0.13813813813813813,0.018018018018017834,-2.0,1.4394394394394392
K,0.7987987987987988,-0.5745745745745745,-0.4664664664664664,-1.043043043043043,0.5505505505505504,0.7507507507507509,0.6586586586586587,-0.4504504504504505,-0.6546546546546548,-2.0,-2.0,-1.2792792792792793,-0.1701701701701701,-0.9189189189189189,-2.0,-0.3583583583583583,0.25025025025025016,-2.0,-2.0,0.6906906906906904,-0.12212212212212203,-2.0,-2.0,-1.3113113113113113,-0.1701701701701701,-2.0,0.002002002002002179,-0.982982982982983,0.12612612612612617,0.03403403403403393,0.5625625625625625,0.3783783783783785,-1.4194194194194194,-0.1701701701701701,0.6906906906906904,0.17417417417417402,1.3313313313313313,0.3783783783783785,-2.0,1.5035035035035036
D,0.7347347347347348,-0.8748748748748749,0.28228228228228236,-1.7157157157157157,0.018018018018017834,-0.7027027027027026,0.954954954954955,1.9879879879879878,-0.04604604604604612,-1.2792792792792793,-2.0,-0.4504504504504505,0.25025025025025016,-0.4504504504504505,-0.5745745745745745,-0.13813813813813813,0.7347347347347348,-1.2472472472472473,-1.6716716716716717,-0.3903903903903905,1.0030030030030028,-2.0,-2.0,-2.0,0.3783783783783785,-2.0,0.03403403403403393,-0.9669669669669669,0.018018018018017834,0.018018018018017834,0.018018018018017834,-0.21821821821821819,-0.12212212212212203,0.4704704704704703,1.8438438438438438,-1.1711711711711712,-1.6996996996996998,-0.3583583583583583,-0.5145145145145145,1.1111111111111112
E,1.2352352352352352,-1.043043043043043,0.002002002002002179,-1.059059059059059,0.40640640640640635,-1.6236236236236237,-0.15415415415415423,-1.1871871871871873,-0.4504504504504505,-2.0,-2.0,0.5945945945945947,0.4704704704704703,-0.7027027027027026,-2.0,-0.0780780780780781,0.018018018018017834,0.08208208208208223,-2.0,-0.5145145145145145,-0.5465465465465467,-2.0,0.05005005005005003,-1.935935935935936,0.018018018018017834,-2.0,-0.15415415415415423,-0.15415415415415423,0.8788788788788788,-0.13813813813813813,0.002002002002002179,0.11011011011011007,-0.1701701701701701,0.5945945945945947,1.9879879879879878,-0.6866866866866868,-1.7157157157157157,0.08208208208208223,-2.0,1.5475475475475475
S,1.0030030030030028,-1.155155155155155,0.14214214214214227,0.06606606606606613,0.018018018018017834,1.9879879879879878,0.08208208208208223,-0.6386386386386387,-0.2782782782782782,-0.9509509509509511,-0.4664664664664664,0.08208208208208223,0.03403403403403393,-0.5585585585585586,-2.0,-0.26226226226226235,0.7827827827827827,-1.015015015015015,-2.0,0.43843843843843855,0.6586586586586587,-1.5435435435435436,0.20620620620620622,-1.967967967967968,-0.7947947947947949,-1.043043043043043,-0.7947947947947949,-0.902902902902903,0.20620620620620622,-1.075075075075075,0.5025025025025025,-0.13813813813813813,-0.062062062062061996,0.05005005005005003,0.3143143143143141,-0.4664664664664664,-1.5595595595595595,0.29829829829829846,-1.3433433433433435,1.5795795795795797
T,1.4234234234234235,-0.3103103103103104,0.42242242242242245,-0.4824824824824825,-0.04604604604604612,0.3143143143143141,0.018018018018017834,0.002002002002002179,-0.7467467467467468,-0.09009009009009006,-1.155155155155155,1.019019019019019,0.8628628628628627,0.3143143143143141,0.25025025025025016,0.5785785785785786,0.25025025025025016,-0.3263263263263263,-2.0,0.25025025025025016,0.7347347347347348,-1.3273273273273274,-0.5585585585585586,-1.7157157157157157,0.29829829829829846,-0.2942942942942943,-0.6546546546546548,0.018018018018017834,0.09409409409409397,-0.2942942942942943,-0.3263263263263263,-0.9509509509509511,0.12612612612612617,-0.3103103103103104,0.830830830830831,0.03403403403403393,-1.1871871871871873,0.11011011011011007,-0.9189189189189189,1.203203203203203
N,0.7227227227227226,-0.9509509509509511,0.3783783783783785,-1.1231231231231231,0.3463463463463463,-1.1231231231231231,-0.10610610610610616,1.035035035035035,-0.5585585585585586,-1.9039039039039038,-0.7027027027027026,0.5505505505505504,0.6746746746746748,0.018018018018017834,-2.0,-0.4664664664664664,0.6266266266266265,-0.7307307307307307,-2.0,-0.062062062062061996,-0.04604604604604612,-2.0,1.7517517517517516,-1.5595595595595595,-0.2022022022022023,-1.5595595595595595,-0.6226226226226226,-0.7627627627627627,-0.03003003003003002,-0.9509509509509511,0.8468468468468466,0.002002002002002179,0.3463463463463463,0.018018018018017834,1.7837837837837838,-0.6866866866866868,-1.1231231231231231,-0.3583583583583583,-1.6556556556556556,1.9879879879879878
Q,0.8148148148148149,-0.8108108108108107,-0.6546546546546548,0.7347347347347348,0.5505505505505504,-1.7317317317317318,-0.24624624624624625,0.018018018018017834,-0.1701701701701701,-2.0,-1.4354354354354353,1.6276276276276276,0.018018018018017834,-0.3903903903903905,-2.0,0.7067067067067065,0.17417417417417402,-1.3713713713713713,-0.9189189189189189,-0.12212212212212203,0.3783783783783785,-1.5915915915915915,0.5945945945945947,-2.0,-0.01401401401401392,-1.015015015015015,0.8148148148148149,-0.7187187187187187,0.39439439439439417,0.6106106106106104,1.3913913913913913,0.6586586586586587,-2.0,0.20620620620620622,1.4714714714714714,-0.13813813813813813,-0.9509509509509511,0.4864864864864864,-0.9669669669669669,1.019019019019019
C,0.018018018018017834,-0.7947947947947949,-0.4664664664664664,-0.01401401401401392,0.40640640640640635,0.9869869869869872,0.43843843843843855,0.9869869869869872,-0.8428428428428429,-2.0,-0.3743743743743744,0.018018018018017834,-0.01401401401401392,0.25025025025025016,-0.01401401401401392,-0.15415415415415423,-0.01401401401401392,0.23823823823823842,-2.0,-0.2782782782782782,-0.01401401401401392,-0.8108108108108107,0.09409409409409397,-1.83983983983984,0.23823823823823842,0.15815815815815792,-0.2942942942942943,-0.934934934934935,0.3463463463463463,-0.6066066066066067,-0.41841841841841854,-0.7947947947947949,-0.9509509509509511,-0.0780780780780781,0.018018018018017834,-0.2782782782782782,-1.075075075075075,-0.3103103103103104,-1.4834834834834836,0.018018018018017834
G,1.035035035035035,-1.3873873873873874,-0.5585585585585586,-1.2152152152152151,-0.7627627627627627,1.4554554554554553,0.29829829829829846,0.39439439439439417,-1.6716716716716717,-2.0,-1.6076076076076076,0.8148148148148149,-0.7467467467467468,-1.0910910910910911,-0.24624624624624625,-0.6546546546546548,0.19019019019019012,-2.0,-2.0,-0.41841841841841854,-0.3103103103103104,-2.0,0.018018018018017834,-2.0,-0.2022022022022023,-1.983983983983984,-0.2782782782782782,-1.967967967967968,-0.7947947947947949,-0.9509509509509511,0.3463463463463463,-0.41841841841841854,0.002002002002002179,-0.8268268268268268,0.40640640640640635,-1.3113113113113113,-2.0,-0.8588588588588588,-2.0,1.4714714714714714
P,1.4554554554554553,-1.1231231231231231,0.3463463463463463,-1.6236236236236237,0.26626626626626626,-0.934934934934935,1.1751751751751751,0.018018018018017834,0.002002002002002179,-1.967967967967968,-1.8278278278278277,-0.6706706706706707,-2.0,-2.0,-1.075075075075075,-2.0,-2.0,-2.0,-2.0,-0.982982982982983,-0.5305305305305306,-2.0,-1.8118118118118118,-2.0,0.6586586586586587,-1.043043043043043,-0.24624624624624625,-1.3593593593593594,-1.015015015015015,0.3143143143143141,0.3463463463463463,-1.015015015015015,0.17417417417417402,0.03403403403403393,1.299299299299299,-1.3593593593593594,-1.7157157157157157,-0.8748748748748749,-1.3433433433433435,0.018018018018017834
A,1.735735735735736,-1.1231231231231231,-0.5585585585585586,-0.9509509509509511,-0.3743743743743744,1.9879879879879878,0.8628628628628627,-0.7027027027027026,-0.4664664664664664,-1.4834834834834836,0.018018018018017834,1.4394394394394392,0.06606606606606613,-0.9509509509509511,0.002002002002002179,0.018018018018017834,-0.23423423423423428,-0.7787787787787788,-2.0,-0.03003003003003002,0.002002002002002179,-1.0910910910910911,-0.04604604604604612,-1.4994994994994995,0.40640640640640635,-0.934934934934935,-0.12212212212212203,-1.4354354354354353,0.23823823823823842,-0.8748748748748749,0.6426426426426426,-0.5745745745745745,-1.155155155155155,-0.6226226226226226,0.9229229229229228,0.19019019019019012,-1.2152152152152151,0.26626626626626626,-0.15415415415415423,1.079079079079079
V,1.5035035035035036,-0.5585585585585586,0.8148148148148149,0.6266266266266265,-0.1701701701701701,0.018018018018017834,1.5955955955955954,0.3783783783783785,-1.6236236236236237,-2.0,-0.7787787787787788,1.9879879879879878,0.6426426426426426,0.9709709709709711,-2.0,0.09409409409409397,0.45445445445445465,0.23823823823823842,-2.0,0.3303303303303302,0.3143143143143141,-2.0,-1.9039039039039038,-1.7637637637637638,0.6906906906906904,0.002002002002002179,-0.6226226226226226,0.12612612612612617,0.6746746746746748,-0.3103103103103104,-0.21821821821821819,-0.5465465465465467,-0.21821821821821819,0.25025025025025016,1.9879879879879878,0.3623623623623624,0.11011011011011007,0.29829829829829846,0.018018018018017834,0.954954954954955
I,0.9869869869869872,0.018018018018017834,0.7347347347347348,0.018018018018017834,0.6586586586586587,-0.15415415415415423,1.3633633633633635,-0.7467467467467468,-0.40240240240240244,-1.5595595595595595,-1.3433433433433435,1.815815815815816,0.3783783783783785,0.018018018018017834,-2.0,1.4874874874874875,0.7067067067067065,0.018018018018017834,-1.5755755755755756,-0.12212212212212203,0.3143143143143141,-2.0,-0.9669669669669669,-1.1991991991991993,0.5625625625625625,0.17417417417417402,0.3143143143143141,0.018018018018017834,0.8148148148148149,-0.5745745745745745,0.830830830830831,-1.1231231231231231,-1.2152152152152151,-0.0780780780780781,1.9879879879879878,0.8468468468468466,-0.4344344344344344,0.890890890890891,0.29829829829829846,0.4864864864864864
L,1.079079079079079,-0.7947947947947949,0.830830830830831,0.3623623623623624,0.7347347347347348,0.3463463463463463,0.5185185185185186,-0.7947947947947949,-0.04604604604604612,-0.9189189189189189,-0.5905905905905906,1.299299299299299,-0.4984984984984986,1.5955955955955954,-2.0,0.11011011011011007,0.3623623623623624,1.019019019019019,-0.3263263263263263,0.39439439439439417,-0.6226226226226226,0.06606606606606613,-0.12212212212212203,-1.2952952952952952,0.7067067067067065,-0.6546546546546548,0.3463463463463463,0.40640640640640635,0.5185185185185186,-0.3743743743743744,0.6746746746746748,-0.24624624624624625,-0.6706706706706707,-0.4984984984984986,1.9879879879879878,0.17417417417417402,0.018018018018017834,0.3463463463463463,-0.7027027027027026,1.203203203203203
M,0.5025025025025025,-0.09009009009009006,-0.21821821821821819,-0.5585585585585586,0.6586586586586587,-2.0,0.29829829829829846,-0.03003003003003002,-0.7027027027027026,-2.0,-1.3433433433433435,0.6266266266266265,0.22222222222222232,-0.13813813813813813,-0.01401401401401392,-0.24624624624624625,1.5195195195195197,-0.6226226226226226,-2.0,-0.2022022022022023,0.018018018018017834,-0.7027027027027026,-2.0,-1.3593593593593594,-0.4504504504504505,-0.5585585585585586,-0.062062062062061996,-0.2942942942942943,-1.5915915915915915,0.19019019019019012,-0.7947947947947949,-0.4664664664664664,-1.887887887887888,-0.5745745745745745,1.9879879879879878,0.14214214214214227,-0.8268268268268268,0.6266266266266265,-1.8558558558558558,0.3303303303303302
F,0.40640640640640635,0.12612612612612617,-0.26226226226226235,1.1911911911911912,0.03403403403403393,0.28228228228228236,1.2512512512512513,0.3303303303303302,-0.21821821821821819,0.018018018018017834,-0.3743743743743744,0.002002002002002179,-0.1701701701701701,-1.3713713713713713,-0.934934934934935,1.4394394394394392,-2.0,-2.0,-0.3903903903903905,-0.5585585585585586,0.3623623623623624,0.002002002002002179,-2.0,-0.2782782782782782,0.6586586586586587,-0.934934934934935,0.43843843843843855,-0.0780780780780781,-0.13813813813813813,-0.26226226226226235,0.7227227227227226,-1.1231231231231231,-0.2942942942942943,0.17417417417417402,1.3753753753753752,0.08208208208208223,-0.5585585585585586,1.095095095095095,-2.0,1.1911911911911912
Y,0.5785785785785786,0.09409409409409397,-0.3423423423423424,0.12612612612612617,0.3783783783783785,0.6906906906906904,0.7227227227227226,-0.2782782782782782,0.3143143143143141,0.11011011011011007,-1.015015015015015,-0.4504504504504505,-0.5905905905905906,-2.0,-0.7187187187187187,1.2512512512512513,1.5315315315315314,-1.91991991991992,-2.0,-0.41841841841841854,-1.3433433433433435,-2.0,0.018018018018017834,0.018018018018017834,0.6586586586586587,-0.23423423423423428,0.7827827827827827,-0.8428428428428429,0.15815815815815792,-0.6066066066066067,0.17417417417417402,-0.1701701701701701,-1.4994994994994995,0.17417417417417402,1.9879879879879878,0.15815815815815792,-0.10610610610610616,1.4234234234234235,-2.0,1.6596596596596598
W,1.079079079079079,-0.8428428428428429,-0.6066066066066067,-2.0,0.9389389389389389,1.7837837837837838,0.9229229229229228,-2.0,-0.2782782782782782,-1.6076076076076076,-2.0,1.3473473473473474,1.5195195195195197,-2.0,-2.0,-0.5585585585585586,1.1111111111111112,0.8148148148148149,0.018018018018017834,-0.04604604604604612,-0.10610610610610616,0.14214214214214227,-0.23423423423423428,-0.8428428428428429,0.5025025025025025,-2.0,0.39439439439439417,-1.3873873873873874,-0.15415415415415423,-0.2782782782782782,-0.13813813813813813,-0.8268268268268268,-0.3743743743743744,0.15815815815815792,-0.9509509509509511,-0.10610610610610616,-1.7637637637637638,0.6266266266266265,-0.6706706706706707,1.9879879879879878
