,T270,S271,R272,V273,R274,A275,T276,S277,K278,F279,A280,A281,L282,I283,A284,A285,E286,I287,A288,R289,E290,F291,G292,Y293,T294,V295,D296,V297,Q298,E299,V300,N301,G302,Q303,W304,E305,V306,T307,F308,D309
R,-2.0,-1.3765226869324567,-0.058248703389079726,-2.0,-0.058248703389079726,-2.0,0.04990304425490377,-2.0,-0.14510648370804358,-2.0,-2.0,-2.0,-2.0,-0.22165932303977698,-2.0,0.3016964850845696,-2.0,-2.0,-2.0,-0.058248703389079726,0.6956065782399135,-2.0,-2.0,-2.0,-1.4704784563597606,-2.0,-2.0,-2.0,-0.7379171420557842,-1.408121595244707,-2.0,-2.0,-0.8389709005914279,-0.2532582313520271,-2.0,-2.0,-2.0,0.517999980372537,-2.0,-2.0
H,-2.0,-1.2423449792245607,-0.21692733030088363,-2.0,-2.0,-2.0,-2.0,-2.0,-2.0,-0.26508821319926,-2.0,-2.0,-2.0,-2.0,-2.0,-2.0,-2.0,-2.0,-0.2192933266703303,-0.3108830997281873,-2.0,-0.26508821319926,-2.0,-0.2358553012564566,0.06883101521047941,-0.8460688896997701,-1.4104875916141513,-2.0,-0.39926592090715607,0.2922324996067833,-2.0,-1.0600063886182882,-2.0,0.18171475559335315,-2.0,-2.0,-2.0,-0.45925678565276606,-1.0189434948282536,-0.1214465200135777
K,-0.2295982676575612,-2.0,-2.0,-2.0,-2.0,-2.0,-2.0,-0.21692733030088363,-0.058248703389079726,-2.0,-2.0,-2.0,-0.34164105253099364,-0.26508821319926,-2.0,0.140651861803319,-0.051150714280739695,-2.0,-1.9583443189424083,-2.0,-1.408121595244707,-2.0,-2.0,-2.0,0.446179133779697,-1.624425090532674,-2.0,-0.5319185877550476,-0.1253375572430273,-2.0,-2.0,-1.3433987377602044,-2.0,-2.0,-2.0,-2.0,-2.0,0.623785731647073,-2.0,-1.9030854469356946
D,-2.0,-0.44742680380553046,-2.0,-2.0,-2.0,-2.0,-2.0,-0.8460688896997701,-2.0,-2.0,-2.0,-2.0,-2.0,-2.0,-2.0,-2.0,-1.9607103153118575,-2.0,-1.4104875916141513,-0.5050516721816933,0.41221422909799976,-2.0,-2.0,-2.0,-0.22639131577867033,-2.0,-0.058248703389079726,-1.2739438875368108,-0.9660506191909866,-2.0,-2.0,0.17461676648501356,-1.189452103587291,-1.8407285858206408,-2.0,-1.0071135129810207,-2.0,0.18171475559335315,-2.0,-0.058248703389079726
E,-0.9787215565476615,-1.6173271014243316,-2.0,-2.0,-2.0,-2.0,-2.0,-2.0,-0.3874359390599209,-2.0,-2.0,-1.437354507187508,-2.0,-1.0142115020893607,-2.0,-2.0,-0.058248703389079726,-2.0,-2.0,-0.14747248007749025,-0.058248703389079726,-2.0,-2.0,-1.1823541144789536,0.517999980372537,-2.0,-1.0189434948282536,-2.0,-2.0,-0.058248703389079726,-2.0,0.517999980372537,-2.0,-0.022758757847380906,-2.0,-0.058248703389079726,-2.0,0.8353572341961479,-2.0,-1.8478265749289782
S,0.6308837207554108,-0.058248703389079726,-1.9607103153118575,-2.0,-2.0,-2.0,-2.0,-0.058248703389079726,0.078295000688263,-2.0,-2.0,-2.0,-0.3392750561615494,-1.1436572170583637,-2.0,-2.0,-0.445060807436084,-2.0,-2.0,-0.32507907794486735,0.5543308814236778,-2.0,-1.1128992642555575,-2.0,-2.0,-2.0,-2.0,-1.5644342257870645,-0.2358553012564566,-2.0,-2.0,-1.7444068200238905,-2.0,-0.14274048733859734,-0.47902571211778056,-2.0,-2.0,-2.0,-2.0,-1.004747516611574
T,-0.058248703389079726,0.4580091156269277,-2.0,-2.0,-2.0,-1.1696831771222764,-0.058248703389079726,-2.0,-2.0,-2.0,-2.0,-1.5715322148954043,-2.0,-0.5239796431372661,-2.0,-2.0,0.078295000688263,-0.5097836649205867,-0.606105430717337,-2.0,0.6885085891315739,-2.0,0.05226904062435045,-0.4908556939650137,-0.058248703389079726,-1.1270952424722374,-2.0,-2.0,-2.0,-2.0,-2.0,-2.0,-0.3298110706837605,-2.0,0.023036128681546586,-2.0,-1.787835710183371,-0.058248703389079726,-2.0,-2.0
N,0.03486611052878219,-0.06534669249741931,-2.0,-2.0,-1.384461631550241,-2.0,-2.0,-0.6519003172462643,-2.0,-2.0,-2.0,-1.2857738693840415,0.008840150464869634,-0.291114173263173,-2.0,-1.384461631550241,-0.6155694161951235,-2.0,-2.0,-2.0,0.5085359948947503,-2.0,0.2756705250206575,-0.8918637762286976,-2.0,-1.0094795093504674,-2.0,-2.0,-2.0,-2.0,-1.4515504854041876,-0.058248703389079726,-2.0,0.24170562033896292,-2.0,-1.1634261435233806,-2.0,-0.7308191529474468,-1.3481307304990975,-1.573898211264851
Q,-2.0,-0.0029898313823659706,-0.7884440213236072,-2.0,-2.0,-2.0,-2.0,-0.2603562204603671,-0.6250334016729102,-2.0,-1.9362093961079472,-2.0,-2.0,-2.0,-2.0,-2.0,-2.0,-2.0,-2.0,-2.0,0.2369736276000669,-2.0,0.10042992352272684,-1.7996656920306044,-0.1734984401414028,-0.36377597536545725,-1.1294612388416838,-1.783103717444478,-0.058248703389079726,-2.0,-2.0,-2.0,-2.0,-0.058248703389079726,-2.0,-2.0,-2.0,-0.7884440213236072,-1.862022553145658,1.173167499835336
C,-2.0,-0.2816501877853863,-1.8501925712984275,-0.20982934119254404,-2.0,-2.0,-2.0,-2.0,-2.0,-2.0,-2.0,-1.794933699291711,-1.4973453719331151,-2.0,-2.0,-1.2834078730145972,-0.661364302724051,-2.0,-2.0,-2.0,0.7919283440366649,-2.0,-2.0,-0.7237211638391043,-2.0,-2.0,-2.0,0.004108157725976724,-2.0,-2.0,-0.22165932303977698,-0.4403288146971909,-2.0,-1.6749519698004947,-2.0,-2.0,-2.0,-0.8989617653370372,-2.0,-2.0
G,-2.0,-0.5121496612900331,-2.0,-2.0,-2.0,-2.0,-2.0,-0.988185542025448,-1.3962916133974712,-1.8209596593556239,-2.0,-2.0,-1.554970240309278,-2.0,-2.0,-1.9078174396745877,-2.0,-2.0,-1.405755598875258,-0.8366049042219836,0.40984823272855087,-2.0,-0.058248703389079726,-1.6749519698004947,-0.44742680380553046,-2.0,-0.7284531565779977,-2.0,-0.33217706705320715,-2.0,-0.9447566518659647,0.4027502436202135,-0.058248703389079726,0.2945984959762278,-1.771273735597245,-2.0,-2.0,-2.0,-2.0,-1.1081672715166646
P,-2.0,-0.44269481106663733,-2.0,-2.0,-2.0,-2.0,-2.0,-2.0,-2.0,-2.0,-2.0,-1.1808290736189488,-2.0,-2.0,-2.0,-2.0,-1.1997570445745218,-1.7491388127627838,-2.0,-2.0,-2.0,-2.0,-2.0,-1.1128992642555575,0.2488036094473003,-0.8508008824386633,-2.0,-2.0,-2.0,0.07119701157992342,-2.0,0.07119701157992342,-2.0,0.11699189810885047,-2.0,-2.0,-2.0,-2.0,-2.0,-2.0
A,-1.004747516611574,0.3356613897662668,-0.7379171420557842,-2.0,-2.0,-0.058248703389079726,-2.0,-0.45689078928331694,-0.15930246192472364,-2.0,-0.058248703389079726,-0.058248703389079726,-2.0,-0.8050059959097362,-0.058248703389079726,-0.058248703389079726,-0.5579445478189604,-0.4979536830733511,-0.058248703389079726,-0.33217706705320715,0.7800983621894311,-2.0,-0.15930246192472364,-0.7260871602085537,-1.0623723849877371,0.15805479189888727,-2.0,-0.5413825732328343,-0.346373045269887,-0.0606146997585264,-0.9589526300826443,-0.33217706705320715,-1.893621461457908,-2.0,-2.0,-2.0,-1.1444981725678076,-0.8847657871203578,-2.0,-2.0
V,-2.0,0.39092026177298056,-0.1111415790263468,-0.058248703389079726,-2.0,-2.0,-2.0,-0.8555328751775566,-1.5762642076342974,-1.823325655725068,-2.0,-2.0,-0.7237211638391043,-2.0,-2.0,-2.0,-1.0623723849877371,-2.0,-1.8770594868717818,-2.0,0.6285177243859676,-2.0,-0.49558768670390707,-1.004747516611574,-2.0,-0.058248703389079726,-2.0,-0.058248703389079726,-2.0,-2.0,-0.058248703389079726,-1.8454605785595342,-2.0,-2.0,-2.0,-2.0,-0.058248703389079726,-0.3392750561615494,-2.0,-1.2905058621229346
I,-2.0,-0.6203014089340164,-1.403389602505814,-2.0,-2.0,-2.0,-1.3457647341296508,-2.0,-0.3392750561615494,-2.0,-2.0,-2.0,-0.3874359390599209,-0.058248703389079726,-2.0,-2.0,-0.27691819504649073,-0.058248703389079726,-1.1128992642555575,-2.0,-0.08511561896243425,-2.0,-2.0,-2.0,-0.6850242664185193,-2.0,-2.0,-2.0,-2.0,-2.0,-2.0,-0.8153109368969615,-1.4397205035569547,-2.0,-2.0,-2.0,-1.624425090532674,-1.1318272352111305,-2.0,-2.0
L,0.01593813957320922,-2.0,-1.3457647341296508,0.1935447374405861,-2.0,-1.710441915342194,-2.0,-1.3410327413907577,-2.0,-2.0,-1.5059684019014599,-2.0,-0.058248703389079726,-2.0,-2.0,-2.0,-0.22875731214811967,-0.7308191529474468,-0.8058469514191777,-2.0,0.3427593788746037,-2.0,-1.4278905217097189,-0.7308191529474468,-2.0,-1.2305149973773277,-1.9030854469356946,-0.053516710650186816,-0.3874359390599209,-2.0,-2.0,-0.09457960444022095,-2.0,-2.0,-1.2715778911673616,-2.0,-1.1128992642555575,-2.0,-2.0,-0.6424363317684778
M,-2.0,-1.494138420054227,-1.5620682294176178,-2.0,-2.0,-2.0,-2.0,-2.0,-2.0,-2.0,-2.0,-1.478417400977542,-2.0,-2.0,-2.0,-2.0,-1.3292027595435245,-1.1199972533638975,-2.0,-0.3392750561615494,-0.7071591892529807,-2.0,-2.0,-2.0,-1.1128992642555575,-1.4326225144486147,-2.0,-0.654266313615711,-2.0,-1.3481307304990975,-2.0,0.1288218799560834,-2.0,0.17934875922390692,-2.0,-2.0,-2.0,-2.0,-1.456282478143081,-1.3433987377602044
F,-0.3037851106198506,-2.0,-2.0,-1.6631219879532613,-2.0,-2.0,-2.0,0.13118787632553275,-1.2399789828551142,-0.058248703389079726,-2.0,-2.0,-2.0,-2.0,-2.0,-2.0,-2.0,-2.0,-0.21692733030088363,-2.0,-2.0,-0.058248703389079726,-2.0,-2.0,-0.9565866337132003,-0.06771268886686599,-0.12770355361247576,-1.5091753537803507,0.006474154095420737,-2.0,-2.0,-0.5603105441884073,-2.0,-0.2192933266703303,-0.3108830997281873,-2.0,-2.0,0.06173302610213671,-0.058248703389079726,-1.1563281544150381
Y,-1.0458104104016082,0.4003842472507677,-2.0,-2.0,-2.0,-1.2881398657534906,-2.0,-2.0,-2.0,-2.0,-2.0,-2.0,-2.0,-2.0,-2.0,-2.0,-2.0,-2.0,-2.0,-2.0,-1.8067636811389443,-2.0,-0.8153109368969615,-0.058248703389079726,0.1651527810072273,0.2804025177595504,-2.0,-2.0,-2.0,-0.2816501877853863,-0.26508821319926,-2.0,-2.0,-0.5074176685511378,-2.0,-2.0,-2.0,-2.0,-0.29584616600206637,-2.0
W,-0.778980035845821,-2.0,-0.5026856758122444,-2.0,-2.0,-0.26508821319926,-2.0,-0.9036937580759306,-2.0,-2.0,-2.0,-2.0,-2.0,-2.0,-2.0,-0.3037851106198506,-2.0,-1.499711368302564,-2.0,-2.0,0.49670601304751694,-1.734942834546104,-2.0,-1.3481307304990975,-2.0,-0.5003196794428002,-2.0,-2.0,0.38618826903408765,-1.1152652606250042,-1.7783717247055848,-0.8366049042219836,-2.0,-2.0,-0.058248703389079726,-2.0,-2.0,0.5061699985253041,-0.5919094525006574,-2.0
