,C270,Q271,D272,Y273,T274,F275,T276,D277,P278,F279,A280,C281,Q282,I283,A284,A285,E286,I287,L288,R289,D290,F291,G292,Y293,D294,C295,T296,V297,Q298,T299,N300,N301,G302,E303,C304,R305,V306,R307,C308,C309
R,-0.2799999999999998,-0.52,-0.48999999999999977,-0.7599999999999998,-0.3599999999999999,-0.56,-0.3900000000000001,-0.8000000000000003,-0.34999999999999964,-0.98,-1.3199999999999998,-0.3899999999999997,-0.3599999999999999,-0.5300000000000002,-0.41999999999999993,-0.7399999999999998,-0.5999999999999996,-0.5999999999999996,-0.52,-0.3599999999999999,-0.6400000000000001,-0.96,-0.7399999999999998,-0.45999999999999996,-0.36999999999999966,-0.56,-0.31000000000000005,-0.3999999999999999,-0.43999999999999995,-0.2799999999999998,-0.43000000000000016,-0.4299999999999997,-0.48,-0.3799999999999999,-0.45999999999999996,-0.3599999999999999,-0.5700000000000003,-0.3599999999999999,-0.77,-0.2699999999999996
H,-0.3599999999999999,-0.5,-0.3799999999999999,-0.48,-0.3799999999999999,-0.43000000000000016,-0.3999999999999999,-0.43999999999999995,-0.48,-0.6200000000000001,-1.4799999999999998,-0.6400000000000001,-0.3700000000000001,-0.5999999999999996,-0.6499999999999999,-0.43000000000000016,-0.48,-0.5700000000000003,-0.5300000000000002,-0.5100000000000002,-0.5500000000000003,-0.7200000000000002,-0.8599999999999999,-0.46999999999999975,-0.3899999999999997,-0.27,-0.24999999999999956,-0.41999999999999993,-0.3599999999999999,-0.48,-0.31000000000000005,-0.5299999999999998,-0.45999999999999996,-0.3599999999999999,-0.5299999999999998,-0.31999999999999984,-0.5999999999999996,-0.3999999999999999,-0.6299999999999999,-0.22999999999999998
K,-0.31999999999999984,-0.44999999999999973,-0.4299999999999997,-0.5699999999999998,-0.3799999999999999,-0.30000000000000027,-0.3900000000000001,-0.7999999999999998,-0.44999999999999973,-1.0299999999999998,-1.25,-0.6000000000000001,-0.5700000000000003,-0.6599999999999997,-1.2000000000000002,-0.56,-0.52,-0.98,-0.7200000000000002,-0.43999999999999995,-1.15,-1.0599999999999996,-0.6600000000000001,-0.3899999999999997,-0.3700000000000001,-0.6299999999999999,-0.20999999999999996,-0.2999999999999998,-0.41999999999999993,-0.54,-0.3500000000000001,-0.3700000000000001,-0.43999999999999995,-0.34999999999999964,-0.2799999999999998,-0.4700000000000002,-0.6199999999999997,-0.43000000000000016,-0.7399999999999998,-0.21999999999999975
D,-0.27,-0.45999999999999996,-0.3599999999999999,-0.6200000000000001,-0.3599999999999999,-0.69,-0.4299999999999997,-0.3599999999999999,-0.33999999999999986,-0.7600000000000002,-1.3699999999999997,-0.2699999999999996,-0.44999999999999973,-0.56,-0.6400000000000001,-0.43000000000000016,-0.3500000000000001,-0.5299999999999998,-0.5800000000000001,-0.5800000000000001,-0.3599999999999999,-0.9199999999999999,-0.6299999999999999,-0.48999999999999977,-0.3599999999999999,-0.5,-0.34999999999999964,-0.5499999999999998,-0.43000000000000016,-0.36999999999999966,-0.3500000000000001,-0.41000000000000014,-0.36999999999999966,-0.3900000000000001,-0.29000000000000004,-0.3799999999999999,-0.54,-0.5299999999999998,-0.3799999999999999,-0.2699999999999996
E,-0.2899999999999996,-0.3999999999999999,-0.41999999999999993,-0.6600000000000001,-0.34999999999999964,-0.52,-0.41999999999999993,-0.69,-0.48,-0.77,-1.13,-0.79,-0.4500000000000002,-0.5,-0.7799999999999998,-0.43999999999999995,-0.3599999999999999,-0.52,-0.69,-0.4900000000000002,-0.5499999999999998,-0.7800000000000002,-0.7299999999999995,-0.3899999999999997,-0.3599999999999999,-0.48999999999999977,-0.33000000000000007,-0.4299999999999997,-0.31999999999999984,-0.33999999999999986,-0.3700000000000001,-0.3799999999999999,-0.43000000000000016,-0.3599999999999999,-0.3999999999999999,-0.41000000000000014,-0.54,-0.52,-0.33999999999999986,-0.24999999999999956
S,-0.3299999999999996,-0.48,-0.52,-0.52,-0.3599999999999999,-0.54,-0.3999999999999999,-0.56,-0.48,-0.7599999999999998,-0.5399999999999996,-0.24999999999999956,-0.3999999999999999,-0.5299999999999998,-0.6499999999999999,-0.3999999999999999,-0.3799999999999999,-0.7000000000000002,-0.56,-0.5,-0.6999999999999997,-0.9500000000000002,-0.6499999999999999,-0.3799999999999999,-0.41000000000000014,-0.45999999999999996,-0.3599999999999999,-0.3999999999999999,-0.33999999999999986,-0.3999999999999999,-0.33999999999999986,-0.3899999999999997,-0.3599999999999999,-0.2999999999999998,-0.3299999999999996,-0.3799999999999999,-0.5300000000000002,-0.46999999999999975,-0.5800000000000001,-0.2799999999999998
T,-0.28000000000000025,0.0,-0.4900000000000002,-0.5,-0.3599999999999999,-0.6199999999999997,-0.3599999999999999,-0.31999999999999984,-0.41999999999999993,-0.6499999999999999,-0.5099999999999998,-0.26000000000000023,-0.4099999999999997,-0.45999999999999996,-0.5099999999999998,-0.2699999999999996,-0.3899999999999997,-0.46999999999999975,-0.5699999999999998,-0.5500000000000003,-0.5999999999999996,-0.8799999999999999,-0.5799999999999996,-0.3599999999999999,-0.3999999999999999,-0.33000000000000007,-0.3599999999999999,-0.3599999999999999,-0.34999999999999964,-0.3599999999999999,-0.3799999999999999,-0.5300000000000002,-0.3799999999999999,-0.2999999999999998,-0.24999999999999956,-0.3599999999999999,-0.4299999999999997,-0.3700000000000001,-0.52,-0.29000000000000004
N,-0.2699999999999996,-0.4299999999999997,0.0,-0.52,-0.3999999999999999,-0.5300000000000002,-0.3799999999999999,-0.52,-0.5299999999999998,-0.5999999999999996,-0.77,-0.48,-0.44999999999999973,-0.45999999999999996,-0.5999999999999996,-0.36999999999999966,-0.3900000000000001,-0.52,-0.5999999999999996,-0.48999999999999977,-0.48,-0.8199999999999998,-0.6299999999999999,-0.3599999999999999,-0.3700000000000001,-0.45999999999999996,-0.3900000000000001,-0.4500000000000002,-0.33999999999999986,-0.48,-0.3599999999999999,-0.3599999999999999,-0.46999999999999975,-0.34999999999999964,-0.36999999999999966,-0.43000000000000016,-0.5099999999999998,-0.5299999999999998,-0.33999999999999986,-0.25
Q,-0.31000000000000005,-0.3599999999999999,-0.48999999999999977,-0.6499999999999999,-0.33999999999999986,-0.45999999999999996,-0.4700000000000002,-0.7200000000000002,-0.33999999999999986,-0.7399999999999998,-1.0,-0.6699999999999999,-0.3599999999999999,-0.5299999999999998,-0.6400000000000001,-0.41999999999999993,-0.48,-0.5299999999999998,-0.5100000000000002,-0.3799999999999999,-0.5399999999999996,-0.8899999999999997,-0.8399999999999999,-0.24999999999999956,-0.3599999999999999,-0.4500000000000002,-0.31999999999999984,-0.3700000000000001,-0.3599999999999999,-0.33999999999999986,-0.41999999999999993,-0.4099999999999997,-0.4299999999999997,-0.36999999999999966,-0.41000000000000014,-0.3700000000000001,-0.4700000000000002,-0.33999999999999986,-0.5,-0.3599999999999999
C,-0.3599999999999999,-0.44999999999999973,-0.5099999999999998,-0.5299999999999998,-0.43000000000000016,-0.54,-0.3599999999999999,-0.5499999999999998,-0.5099999999999998,-0.7399999999999998,-0.3799999999999999,-0.3599999999999999,-0.44999999999999973,-0.41999999999999993,-0.52,-0.3599999999999999,-0.45999999999999996,-0.5900000000000003,-0.52,-0.43999999999999995,-0.4700000000000002,-0.9500000000000002,-0.5,-0.3599999999999999,-0.43999999999999995,-0.3599999999999999,-0.3599999999999999,-0.34999999999999964,-0.45999999999999996,-0.34999999999999964,-0.4500000000000002,-0.4299999999999997,-0.5,-0.3900000000000001,-0.3599999999999999,-0.41999999999999993,-0.43999999999999995,-0.4700000000000002,-0.3599999999999999,-0.3599999999999999
G,-0.3099999999999996,-0.4500000000000002,-0.5099999999999998,-0.5599999999999996,-0.44999999999999973,-0.5800000000000001,-0.43000000000000016,-0.3200000000000003,-0.5099999999999998,-0.8300000000000001,-0.6400000000000001,-0.31999999999999984,-0.44999999999999973,-0.5500000000000003,-0.4900000000000002,-0.41999999999999993,-0.5,-0.5899999999999999,-0.7499999999999996,-0.5,-0.48,-1.0299999999999998,-0.3599999999999999,-0.4299999999999997,-0.3999999999999999,-0.45999999999999996,-0.3999999999999999,-0.3999999999999999,-0.43999999999999995,-0.46999999999999975,-0.3599999999999999,-0.3700000000000001,-0.3599999999999999,-0.3899999999999997,-0.4700000000000002,-0.43999999999999995,-0.69,-0.5899999999999999,-0.45999999999999996,-0.2699999999999996
P,-0.20999999999999996,-0.6099999999999999,-0.3900000000000001,-0.6299999999999999,-0.5300000000000002,-0.69,-0.20999999999999996,-0.5800000000000001,-0.3599999999999999,-0.9199999999999999,-0.56,-0.69,-0.94,-0.7799999999999998,-0.6000000000000001,-0.6600000000000001,-0.5699999999999998,-0.8599999999999999,-0.71,-0.6699999999999999,-0.6200000000000001,-1.0099999999999998,-0.5499999999999998,-0.33000000000000007,-0.4099999999999997,-0.48,-0.41999999999999993,-0.3799999999999999,-0.33999999999999986,-0.3099999999999996,-0.45999999999999996,-0.45999999999999996,-0.6399999999999997,-0.3700000000000001,-0.43000000000000016,-0.3599999999999999,-0.52,-0.43999999999999995,-0.4299999999999997,-0.3900000000000001
A,-0.2599999999999998,-0.3799999999999999,-0.48999999999999977,-0.52,-0.3999999999999999,-0.48,-0.3999999999999999,-0.5199999999999996,-0.45999999999999996,-0.71,-0.3599999999999999,-0.17999999999999972,-0.4099999999999997,-0.48999999999999977,-0.3599999999999999,-0.3599999999999999,-0.44999999999999973,-0.54,-0.48,-0.45999999999999996,-0.48999999999999977,-0.8300000000000001,-0.6799999999999997,-0.48,-0.36999999999999966,-0.34999999999999964,-0.3599999999999999,-0.43000000000000016,-0.45999999999999996,-0.3999999999999999,-0.3799999999999999,-0.41999999999999993,-0.3799999999999999,-0.3500000000000001,-0.2999999999999998,-0.46999999999999975,-0.4500000000000002,-0.5099999999999998,-0.33999999999999986,-0.2799999999999998
V,-0.2699999999999996,-0.41999999999999993,-0.3999999999999999,-0.48,-0.2999999999999998,-0.5399999999999996,-0.3099999999999996,-0.5699999999999998,-0.5099999999999998,-0.7800000000000002,-0.45999999999999996,-0.28000000000000025,-0.5,-0.3599999999999999,-0.5100000000000002,-0.2699999999999996,-0.46999999999999975,-0.43999999999999995,-0.5799999999999996,-0.5,-0.4900000000000002,-0.7600000000000002,-0.6099999999999999,-0.3799999999999999,-0.3999999999999999,-0.25,-0.33999999999999986,-0.3599999999999999,-0.33000000000000007,-0.2799999999999998,-0.3899999999999997,-0.5399999999999996,-0.56,-0.3599999999999999,-0.3099999999999996,-0.31000000000000005,-0.3599999999999999,-0.3799999999999999,-0.5299999999999998,-0.2899999999999996
I,-0.21999999999999975,-0.34999999999999964,-0.41000000000000014,-0.52,-0.3099999999999996,-0.56,-0.3599999999999999,-0.5699999999999998,-0.44999999999999973,-0.9299999999999997,-0.9599999999999995,-0.5899999999999999,-0.45999999999999996,-0.3599999999999999,-0.6599999999999997,-0.27,-0.4700000000000002,-0.3599999999999999,-0.3999999999999999,-0.4299999999999997,-0.5800000000000001,-0.75,-0.6499999999999999,-0.3700000000000001,-0.33999999999999986,-0.18000000000000016,-0.33000000000000007,-0.2799999999999998,-0.36999999999999966,-0.34999999999999964,-0.43999999999999995,-0.45999999999999996,-0.5100000000000002,-0.3099999999999996,-0.2200000000000002,-0.36999999999999966,-0.34999999999999964,-0.34999999999999964,-0.5399999999999996,-0.3299999999999996
L,-0.3299999999999996,-0.48,-0.43000000000000016,-0.54,-0.31999999999999984,-0.52,-0.41000000000000014,-0.6400000000000001,-0.48999999999999977,-0.31999999999999984,-0.6699999999999999,-0.5099999999999998,-0.41999999999999993,-0.2599999999999998,-0.3999999999999999,-0.34999999999999964,-0.41000000000000014,-0.5099999999999998,-0.3599999999999999,-0.45999999999999996,-0.5699999999999998,-0.5599999999999996,-0.6299999999999999,-0.3099999999999996,-0.3999999999999999,-0.3799999999999999,-0.2899999999999996,-0.3700000000000001,-0.3899999999999997,-0.2999999999999998,-0.4500000000000002,-0.3899999999999997,-0.4299999999999997,-0.31999999999999984,-0.11000000000000032,-0.3899999999999997,-0.43999999999999995,-0.4700000000000002,-0.43000000000000016,-0.2799999999999998
M,-0.31999999999999984,-0.41999999999999993,-0.4099999999999997,-0.5100000000000002,-0.4299999999999997,-0.5499999999999998,-0.33999999999999986,-0.6699999999999999,-0.6200000000000001,-0.7199999999999998,-0.6299999999999999,-0.45999999999999996,-0.5,-0.41999999999999993,-0.96,-0.41999999999999993,-0.6000000000000001,-0.4700000000000002,-0.3299999999999996,-0.5899999999999999,-0.5899999999999999,-0.48999999999999977,-1.1099999999999999,-0.3799999999999999,-0.41000000000000014,-0.6299999999999999,-0.3599999999999999,-0.31999999999999984,-0.27,-0.3999999999999999,-0.41999999999999993,-0.5,-0.4900000000000002,-0.33000000000000007,-0.33999999999999986,-0.5499999999999998,-0.4700000000000002,-0.4500000000000002,-0.33000000000000007,-0.3599999999999999
F,-0.3500000000000001,-0.54,-0.4500000000000002,-0.48,-0.3500000000000001,-0.3599999999999999,-0.3700000000000001,-0.5699999999999998,-0.43999999999999995,-0.3599999999999999,-0.81,-0.94,-0.43000000000000016,-0.6600000000000001,-0.3899999999999997,-0.69,-0.5800000000000001,-0.6299999999999999,-0.9100000000000001,-0.5699999999999998,-0.5100000000000002,-0.3599999999999999,-0.6299999999999999,-0.43999999999999995,-0.41000000000000014,-0.8199999999999998,-0.27,-0.3200000000000003,-0.31999999999999984,-0.31000000000000005,-0.2999999999999998,-0.48,0.0,-0.3599999999999999,-0.2699999999999996,-0.2899999999999996,-0.5,-0.5099999999999998,-0.5799999999999996,-0.41999999999999993
Y,-0.3599999999999999,-0.5,-0.3999999999999999,-0.3599999999999999,-0.3799999999999999,-0.3299999999999996,-0.3599999999999999,-0.77,-0.43999999999999995,-0.6199999999999997,-1.0899999999999999,-1.1,-0.41000000000000014,-1.0199999999999996,-0.43999999999999995,-0.6499999999999999,-0.5500000000000003,-0.8200000000000003,-0.43999999999999995,-1.2000000000000002,-0.5,-0.6299999999999999,-0.6999999999999997,-0.3599999999999999,-0.41000000000000014,-0.7600000000000002,-0.18999999999999995,-0.3899999999999997,-0.33000000000000007,-0.4500000000000002,-0.3099999999999996,-0.43999999999999995,-0.41999999999999993,-0.3899999999999997,-0.54,-0.2799999999999998,-0.46999999999999975,-0.45999999999999996,-0.41999999999999993,-0.3500000000000001
W,-0.34999999999999964,-0.5899999999999999,-0.3999999999999999,-0.69,-0.4299999999999997,-0.17999999999999972,-0.2999999999999998,-0.6399999999999997,-0.54,-1.0499999999999998,-0.9300000000000002,-0.77,0.0,-0.8000000000000003,-0.41999999999999993,-0.5099999999999998,-0.45999999999999996,-0.34999999999999964,-0.3999999999999999,-1.15,-0.54,-0.41000000000000014,-0.7599999999999998,-0.5,-0.41000000000000014,-0.7400000000000002,-0.3099999999999996,-0.6599999999999997,-0.2599999999999998,-0.4900000000000002,-0.3599999999999999,-0.46999999999999975,-0.5100000000000002,-0.31999999999999984,-0.3700000000000001,-0.4299999999999997,-0.46999999999999975,-0.5599999999999996,-0.5099999999999998,-0.34999999999999964
